customer_id,first_purchase,last_purchase,order_count,lifetime_revenue,lifetime_profit,avg_order_value,loyalty_tier,state
CUS00001,2024-01-24,2024-12-16,9,10641.2,4412.0,1182.36,silver,CA
CUS00002,2024-01-06,2024-11-21,13,12432.859999999999,5420.56,956.37,gold,TX
CUS00003,2024-01-21,2024-12-20,15,12460.09,4562.46,830.67,platinum,FL
CUS00004,2024-02-10,2024-12-17,11,10850.3,3701.37,986.39,platinum,IL
CUS00005,2024-03-11,2024-11-24,11,13968.91,4335.47,1269.9,platinum,WA
CUS00006,2024-02-08,2024-12-07,7,8303.85,3916.9300000000003,1186.26,platinum,GA
CUS00007,2024-04-05,2024-04-05,1,245.68,105.96,245.68,platinum,CO
CUS00008,2024-02-24,2024-12-07,11,14259.83,5825.66,1296.35,platinum,NY
CUS00009,2024-01-23,2024-12-23,9,12845.25,5196.73,1427.25,platinum,CA
CUS00010,2024-01-28,2024-11-13,11,10650.23,3793.42,968.2,bronze,TX
CUS00011,2024-01-02,2024-12-20,13,13024.76,4630.95,1001.9,silver,FL
CUS00012,2024-01-15,2024-10-25,14,13481.48,5303.24,962.96,gold,IL
CUS00013,2024-02-22,2024-11-21,9,10375.4,4345.49,1152.82,platinum,WA
CUS00014,2024-02-12,2024-07-19,6,5950.87,2693.07,991.81,platinum,GA
CUS00015,2024-01-05,2024-12-20,8,7596.3,2641.42,949.54,platinum,CO
CUS00016,2024-01-10,2024-12-12,12,15055.14,6402.94,1254.6,platinum,NY
CUS00017,2024-03-29,2024-12-03,9,13731.29,5271.59,1525.7,platinum,CA
CUS00018,2024-01-20,2024-12-18,14,12082.53,5254.02,863.04,platinum,TX
CUS00019,2024-01-06,2024-11-12,6,6787.29,3187.46,1131.21,platinum,FL
CUS00020,2024-02-19,2024-11-30,14,18226.96,6916.8,1301.93,bronze,IL
CUS00021,2024-02-13,2024-11-05,13,7867.94,3270.48,605.23,silver,WA
CUS00022,2024-01-24,2024-12-25,6,4897.88,2002.3999999999999,816.31,gold,GA
CUS00024,2024-03-09,2024-12-28,12,14192.150000000001,5482.45,1182.68,platinum,NY
CUS00025,2024-01-14,2024-08-19,6,5772.4400000000005,2196.8900000000003,962.07,platinum,CA
CUS00026,2024-03-07,2024-10-25,8,7047.849999999999,2966.8100000000004,880.98,platinum,TX
CUS00027,2024-01-13,2024-12-28,8,5685.07,2424.5099999999998,710.63,platinum,FL
CUS00028,2024-02-08,2024-07-30,5,7097.370000000001,2583.63,1419.47,platinum,IL
CUS00029,2024-02-23,2024-11-04,10,11667.19,4543.509999999999,1166.72,platinum,WA
CUS00030,2024-01-03,2024-10-28,10,15288.470000000001,6575.8,1528.85,bronze,GA
CUS00031,2024-01-07,2024-09-02,9,8649.039999999999,4023.99,961.0,silver,CO
CUS00032,2024-04-10,2024-12-15,6,9572.15,3724.2799999999997,1595.36,gold,NY
CUS00033,2024-03-14,2024-12-16,10,11817.08,4571.5199999999995,1181.71,platinum,CA
CUS00034,2024-02-06,2024-08-14,3,2476.69,875.36,825.56,platinum,TX
CUS00035,2024-02-17,2024-12-24,9,11397.4,4967.85,1266.38,platinum,FL
CUS00036,2024-01-03,2024-12-21,11,7571.36,2509.34,688.31,platinum,IL
CUS00037,2024-01-07,2024-12-29,16,15431.05,6406.38,964.44,platinum,WA
CUS00038,2024-07-10,2024-12-17,5,3312.25,1007.01,662.45,platinum,GA
CUS00039,2024-01-19,2024-12-13,9,5654.75,1583.9,628.31,platinum,CO
CUS00040,2024-03-10,2024-11-27,12,11230.220000000001,4363.45,935.85,bronze,NY
CUS00041,2024-02-19,2024-10-05,13,17244.49,7967.01,1326.5,silver,CA
CUS00042,2024-01-12,2024-11-20,9,8300.24,2856.27,922.25,gold,TX
CUS00043,2024-03-20,2024-12-25,6,1982.78,785.49,330.46,platinum,FL
CUS00044,2024-01-29,2024-11-20,12,12264.93,4838.49,1022.08,platinum,IL
CUS00045,2024-01-14,2024-09-16,9,6617.959999999999,2775.84,735.33,platinum,WA
CUS00047,2024-01-21,2024-12-27,4,4675.650000000001,1922.28,1168.91,platinum,CO
CUS00048,2024-02-07,2024-11-30,6,6108.62,2481.81,1018.1,platinum,NY
CUS00049,2024-01-13,2024-09-23,7,6534.83,2049.44,933.55,platinum,CA
CUS00050,2024-01-18,2024-12-10,8,4871.67,2106.5,608.96,bronze,TX
CUS00051,2024-03-29,2024-10-30,5,5417.92,2413.1,1083.58,silver,FL
CUS00052,2024-01-14,2024-12-25,11,10848.12,3717.41,986.19,gold,IL
CUS00053,2024-03-11,2024-12-10,8,12010.07,5074.41,1501.26,platinum,WA
CUS00054,2024-01-10,2024-10-20,8,8100.4400000000005,3015.01,1012.56,platinum,GA
CUS00055,2024-01-13,2024-09-12,10,15068.1,5999.39,1506.81,platinum,CO
CUS00056,2024-02-03,2024-12-21,10,7599.83,2724.81,759.98,platinum,NY
CUS00057,2024-02-24,2024-11-29,6,5141.76,2215.43,856.96,platinum,CA
CUS00058,2024-04-08,2024-12-06,7,4687.21,2013.65,669.6,platinum,TX
CUS00059,2024-01-25,2024-11-08,8,8202.210000000001,3248.6299999999997,1025.28,platinum,FL
CUS00060,2024-03-01,2024-11-05,8,4673.9400000000005,1711.93,584.24,bronze,IL
CUS00061,2024-02-14,2024-12-19,9,12251.89,4755.26,1361.32,silver,WA
CUS00062,2024-02-13,2024-12-28,12,14149.41,5472.81,1179.12,gold,GA
CUS00063,2024-01-08,2024-12-04,13,14260.03,5446.530000000001,1096.93,platinum,CO
CUS00064,2024-02-13,2024-12-12,12,11639.68,5355.12,969.97,platinum,NY
CUS00065,2024-02-10,2024-12-19,7,7535.240000000001,3457.87,1076.46,platinum,CA
CUS00066,2024-01-13,2024-12-28,9,9790.0,2617.67,1087.78,platinum,TX
CUS00067,2024-01-05,2024-11-11,4,3842.0299999999997,1569.54,960.51,platinum,FL
CUS00068,2024-03-04,2024-11-19,7,5105.610000000001,1868.8700000000001,729.37,platinum,IL
CUS00070,2024-01-02,2024-12-24,7,6886.96,2950.76,983.85,bronze,GA
CUS00071,2024-02-02,2024-12-30,10,12599.95,5387.75,1260.0,silver,CO
CUS00072,2024-01-15,2024-11-21,7,7075.469999999999,3453.8500000000004,1010.78,gold,NY
CUS00073,2024-02-01,2024-12-16,13,16919.64,6866.07,1301.51,platinum,CA
CUS00074,2024-01-06,2024-12-26,11,7327.969999999999,2152.78,666.18,platinum,TX
CUS00075,2024-01-09,2024-12-28,6,6541.58,2547.11,1090.26,platinum,FL
CUS00076,2024-03-19,2024-09-08,3,4436.35,2206.6,1478.78,platinum,IL
CUS00077,2024-01-15,2024-12-11,8,8725.42,3239.05,1090.68,platinum,WA
CUS00078,2024-01-25,2024-08-16,10,8736.76,3009.1299999999997,873.68,platinum,GA
CUS00079,2024-01-09,2024-12-16,8,10176.380000000001,3989.18,1272.05,platinum,CO
CUS00080,2024-01-13,2024-12-23,13,9787.24,3656.71,752.86,bronze,NY
CUS00081,2024-01-06,2024-12-16,14,20199.43,9126.23,1442.82,silver,CA
CUS00082,2024-01-24,2024-12-16,10,11886.36,5687.72,1188.64,gold,TX
CUS00083,2024-01-11,2024-11-15,11,13586.949999999999,5502.93,1235.18,platinum,FL
CUS00084,2024-05-19,2024-12-29,8,10556.77,4113.45,1319.6,platinum,IL
CUS00085,2024-03-14,2024-12-12,10,11832.68,4519.57,1183.27,platinum,WA
CUS00086,2024-01-13,2024-12-28,20,22938.43,8542.2,1146.92,platinum,GA
CUS00087,2024-02-13,2024-10-07,9,10076.970000000001,3615.79,1119.66,platinum,CO
CUS00088,2024-01-15,2024-11-20,7,5859.75,1819.56,837.11,platinum,NY
CUS00089,2024-01-17,2024-12-12,9,10934.99,4592.110000000001,1215.0,platinum,CA
CUS00090,2024-02-27,2024-12-20,8,9170.630000000001,3541.98,1146.33,bronze,TX
CUS00091,2024-01-28,2024-12-12,7,11239.859999999999,3887.92,1605.69,silver,FL
CUS00093,2024-02-05,2024-11-26,13,9267.6,3404.05,712.89,platinum,WA
CUS00094,2024-02-25,2024-12-20,12,15751.51,6804.360000000001,1312.63,platinum,GA
CUS00095,2024-01-13,2024-10-05,7,4097.76,1322.9299999999998,585.39,platinum,CO
CUS00096,2024-01-01,2024-12-21,8,6579.13,2531.61,822.39,platinum,NY
CUS00097,2024-03-21,2024-12-09,11,11706.24,5091.59,1064.2,platinum,CA
CUS00098,2024-05-10,2024-11-26,7,4752.900000000001,1725.5,678.99,platinum,TX
CUS00099,2024-02-03,2024-12-06,7,5963.73,2204.65,851.96,platinum,FL
CUS00100,2024-03-01,2024-08-28,9,11089.3,4543.96,1232.14,bronze,IL
CUS00101,2024-02-10,2024-12-04,7,4877.85,1501.24,696.84,silver,WA
CUS00102,2024-01-09,2024-12-26,13,15165.2,5513.9,1166.55,gold,GA
CUS00103,2024-01-08,2024-11-18,8,6485.57,2371.0499999999997,810.7,platinum,CO
CUS00104,2024-04-06,2024-11-19,8,13781.039999999999,6943.4400000000005,1722.63,platinum,NY
CUS00105,2024-01-19,2024-12-02,7,6326.07,2321.19,903.72,platinum,CA
CUS00106,2024-01-20,2024-08-21,8,7387.09,2741.01,923.39,platinum,TX
CUS00107,2024-03-03,2024-12-10,6,5903.88,2183.79,983.98,platinum,FL
CUS00108,2024-01-03,2024-11-22,18,18676.96,7638.29,1037.61,platinum,IL
CUS00109,2024-02-16,2024-10-19,8,10574.05,4530.58,1321.76,platinum,WA
CUS00110,2024-01-22,2024-12-19,13,9759.21,3200.59,750.71,bronze,GA
CUS00111,2024-01-07,2024-10-05,9,8333.85,3374.12,925.98,silver,CO
CUS00112,2024-02-03,2024-11-08,6,6667.99,3329.2200000000003,1111.33,gold,NY
CUS00113,2024-02-05,2024-12-25,9,9356.0,4051.11,1039.56,platinum,CA
CUS00114,2024-07-31,2024-10-26,6,4668.09,1743.66,778.02,platinum,TX
CUS00116,2024-01-01,2024-10-22,9,8409.23,3026.2,934.36,platinum,IL
CUS00117,2024-01-04,2024-12-05,9,5672.42,2064.87,630.27,platinum,WA
CUS00118,2024-01-05,2024-10-06,16,16608.94,5939.21,1038.06,platinum,GA
CUS00119,2024-04-27,2024-12-21,12,9650.16,3483.46,804.18,platinum,CO
CUS00120,2024-02-23,2024-10-22,6,8689.36,3158.45,1448.23,bronze,NY
CUS00121,2024-01-22,2024-11-25,13,13580.029999999999,5863.82,1044.62,silver,CA
CUS00122,2024-02-02,2024-12-22,7,8012.79,3448.59,1144.68,gold,TX
CUS00123,2024-02-07,2024-12-16,11,13049.98,5577.99,1186.36,platinum,FL
CUS00124,2024-03-17,2024-11-16,6,3618.0,1515.44,603.0,platinum,IL
CUS00125,2024-06-22,2024-12-29,8,3296.12,1556.76,412.02,platinum,WA
CUS00126,2024-01-13,2024-11-09,7,5258.26,1973.8500000000001,751.18,platinum,GA
CUS00127,2024-02-26,2024-12-25,8,8880.67,3969.12,1110.08,platinum,CO
CUS00128,2024-02-13,2024-12-26,5,5569.860000000001,2513.94,1113.97,platinum,NY
CUS00129,2024-02-08,2024-12-05,11,15521.66,6529.4,1411.06,platinum,CA
CUS00130,2024-02-26,2024-12-01,8,10748.06,4923.26,1343.51,bronze,TX
CUS00131,2024-01-08,2024-11-02,8,10964.07,4019.71,1370.51,silver,FL
CUS00132,2024-01-24,2024-12-12,8,5277.6,2164.28,659.7,gold,IL
CUS00133,2024-02-27,2024-12-28,6,3840.12,1505.6100000000001,640.02,platinum,WA
CUS00134,2024-02-16,2024-11-05,12,11042.44,4071.5,920.2,platinum,GA
CUS00135,2024-03-25,2024-12-30,9,6577.3099999999995,2225.1,730.81,platinum,CO
CUS00136,2024-01-13,2024-11-25,12,10482.91,4705.11,873.58,platinum,NY
CUS00137,2024-01-14,2024-12-01,10,13253.26,4800.1900000000005,1325.33,platinum,CA
CUS00139,2024-01-08,2024-11-23,10,6056.84,2035.16,605.68,platinum,FL
CUS00140,2024-02-14,2024-12-29,10,10639.08,5180.37,1063.91,bronze,IL
CUS00141,2024-03-25,2024-11-20,10,5210.97,2137.86,521.1,silver,WA
CUS00142,2024-02-14,2024-12-23,13,13276.39,5433.93,1021.26,gold,GA
CUS00143,2024-01-26,2024-11-25,8,8551.75,3234.21,1068.97,platinum,CO
CUS00144,2024-02-20,2024-11-18,6,12815.09,6027.04,2135.85,platinum,NY
CUS00145,2024-02-10,2024-12-27,10,6249.26,2566.72,624.93,platinum,CA
CUS00146,2024-02-13,2024-11-29,9,7345.33,2100.08,816.15,platinum,TX
CUS00147,2024-03-21,2024-11-29,8,6474.610000000001,2494.69,809.33,platinum,FL
CUS00148,2024-02-06,2024-12-13,13,12254.43,5212.860000000001,942.65,platinum,IL
CUS00149,2024-01-02,2024-10-29,9,7955.59,3323.04,883.95,platinum,WA
CUS00150,2024-01-03,2024-09-27,13,12827.31,4657.47,986.72,bronze,GA
CUS00151,2024-01-04,2024-12-10,15,22152.45,9716.84,1476.83,silver,CO
CUS00152,2024-05-31,2024-12-17,8,7761.07,3324.68,970.13,gold,NY
CUS00153,2024-03-08,2024-12-29,11,9311.2,3176.59,846.47,platinum,CA
CUS00154,2024-05-19,2024-12-24,8,5393.17,2114.85,674.15,platinum,TX
CUS00155,2024-01-19,2024-12-08,6,5955.42,1880.1999999999998,992.57,platinum,FL
CUS00156,2024-03-13,2024-10-31,15,16210.210000000001,6504.25,1080.68,platinum,IL
CUS00157,2024-02-04,2024-10-30,8,10542.34,4111.06,1317.79,platinum,WA
CUS00158,2024-02-10,2024-12-11,7,7500.97,3298.09,1071.57,platinum,GA
CUS00159,2024-02-04,2024-11-08,13,18370.19,7414.1,1413.09,platinum,CO
CUS00160,2024-01-02,2024-12-05,15,17286.33,5535.39,1152.42,bronze,NY
CUS00162,2024-03-01,2024-12-08,8,7291.1,2584.5,911.39,gold,TX
CUS00163,2024-01-13,2024-11-20,13,10189.37,4130.15,783.8,platinum,FL
CUS00164,2024-01-24,2024-12-17,11,15577.199999999999,6512.889999999999,1416.11,platinum,IL
CUS00165,2024-01-12,2024-12-01,7,7358.57,2935.85,1051.22,platinum,WA
CUS00166,2024-01-06,2024-12-22,11,8368.35,3316.63,760.76,platinum,GA
CUS00167,2024-01-14,2024-11-10,7,5998.66,2268.34,856.95,platinum,CO
CUS00168,2024-01-11,2024-10-16,16,11452.27,4562.33,715.77,platinum,NY
CUS00169,2024-01-18,2024-10-10,9,8503.23,3887.37,944.8,platinum,CA
CUS00170,2024-01-06,2024-12-06,13,16759.329999999998,7307.5599999999995,1289.18,bronze,TX
CUS00171,2024-02-14,2024-10-16,10,7351.759999999999,2643.21,735.18,silver,FL
CUS00172,2024-01-03,2024-12-23,11,13990.15,6297.47,1271.83,gold,IL
CUS00173,2024-04-15,2024-12-30,11,10979.42,4992.33,998.13,platinum,WA
CUS00174,2024-01-07,2024-10-24,7,6421.73,2439.9500000000003,917.39,platinum,GA
CUS00175,2024-01-08,2024-12-06,14,15107.859999999999,6417.349999999999,1079.13,platinum,CO
CUS00176,2024-02-05,2024-12-12,9,8936.72,3557.96,992.97,platinum,NY
CUS00177,2024-01-30,2024-08-25,5,2718.82,923.54,543.76,platinum,CA
CUS00178,2024-01-15,2024-12-11,13,10036.26,3539.04,772.02,platinum,TX
CUS00179,2024-04-18,2024-08-24,8,10560.93,5018.88,1320.12,platinum,FL
CUS00180,2024-01-06,2024-12-06,16,19313.88,7700.22,1207.12,bronze,IL
CUS00181,2024-01-13,2024-12-02,10,12335.65,5077.23,1233.56,silver,WA
CUS00182,2024-04-10,2024-10-13,9,10817.56,4561.03,1201.95,gold,GA
CUS00183,2024-03-04,2024-11-21,14,20505.29,9195.76,1464.66,platinum,CO
CUS00185,2024-01-05,2024-12-26,6,9817.96,4445.3,1636.33,platinum,CA
CUS00186,2024-02-02,2024-10-31,8,8798.94,3798.14,1099.87,platinum,TX
CUS00187,2024-01-09,2024-11-21,11,8125.24,4050.69,738.66,platinum,FL
CUS00188,2024-01-01,2024-12-25,8,8951.95,3376.8100000000004,1118.99,platinum,IL
CUS00189,2024-06-16,2024-12-15,11,12310.9,4425.41,1119.17,platinum,WA
CUS00190,2024-03-25,2024-05-11,2,1514.09,626.88,757.04,bronze,GA
CUS00191,2024-03-01,2024-08-20,6,8432.8,3307.66,1405.47,silver,CO
CUS00192,2024-02-15,2024-08-15,7,9132.57,3849.54,1304.65,gold,NY
CUS00193,2024-04-21,2024-11-30,11,11088.1,4124.37,1008.01,platinum,CA
CUS00194,2024-01-10,2024-12-24,9,7675.29,2323.31,852.81,platinum,TX
CUS00195,2024-01-12,2024-10-15,10,8884.29,3476.05,888.43,platinum,FL
CUS00196,2024-03-28,2024-11-08,6,5431.5599999999995,2640.43,905.26,platinum,IL
CUS00197,2024-01-18,2024-12-29,9,11510.09,4751.37,1278.9,platinum,WA
CUS00198,2024-02-11,2024-11-06,10,10048.02,4749.51,1004.8,platinum,GA
CUS00199,2024-01-09,2024-12-29,10,7692.2,3042.06,769.22,platinum,CO
CUS00200,2024-02-05,2024-12-16,12,14247.97,5746.54,1187.33,bronze,NY
CUS00201,2024-01-03,2024-10-25,11,14142.12,5452.09,1285.65,silver,CA
CUS00202,2024-01-03,2024-12-21,15,13711.51,5783.75,914.1,gold,TX
CUS00203,2024-03-25,2024-11-20,8,9484.05,3936.4900000000002,1185.51,platinum,FL
CUS00204,2024-01-18,2024-11-16,11,8153.16,2772.0,741.2,platinum,IL
CUS00205,2024-01-05,2024-12-24,17,20947.97,7294.38,1232.23,platinum,WA
CUS00206,2024-01-01,2024-12-30,13,12473.5,4585.51,959.5,platinum,GA
CUS00208,2024-02-01,2024-12-19,10,13077.55,5216.47,1307.75,platinum,NY
CUS00209,2024-02-09,2024-09-30,9,7615.58,2687.29,846.18,platinum,CA
CUS00210,2024-02-24,2024-09-29,7,6809.88,2208.78,972.84,bronze,TX
CUS00211,2024-02-28,2024-12-09,9,7196.23,2232.1,799.58,silver,FL
CUS00212,2024-02-10,2024-12-06,12,17498.55,7496.52,1458.21,gold,IL
CUS00213,2024-01-20,2024-11-25,10,10007.25,3609.02,1000.72,platinum,WA
CUS00214,2024-02-06,2024-12-06,11,11823.099999999999,5253.26,1074.83,platinum,GA
CUS00215,2024-01-05,2024-12-29,13,14604.32,5967.9800000000005,1123.41,platinum,CO
CUS00216,2024-01-02,2024-11-14,11,8042.48,3277.3900000000003,731.13,platinum,NY
CUS00217,2024-01-03,2024-12-26,8,8011.36,3410.6499999999996,1001.42,platinum,CA
CUS00218,2024-03-15,2024-10-26,10,8341.71,2754.92,834.17,platinum,TX
CUS00219,2024-01-25,2024-10-10,8,4305.7,1640.16,538.21,platinum,FL
CUS00220,2024-02-08,2024-11-18,7,6170.17,3029.19,881.45,bronze,IL
CUS00221,2024-02-03,2024-12-12,14,19951.73,7564.84,1425.12,silver,WA
CUS00222,2024-02-25,2024-11-13,6,6877.11,3085.81,1146.18,gold,GA
CUS00223,2024-02-07,2024-12-05,9,7264.42,2823.3199999999997,807.16,platinum,CO
CUS00224,2024-01-06,2024-12-28,9,11309.11,5268.51,1256.57,platinum,NY
CUS00225,2024-01-20,2024-12-17,5,2771.94,515.52,554.39,platinum,CA
CUS00226,2024-03-18,2024-12-15,8,7088.66,3238.43,886.08,platinum,TX
CUS00227,2024-01-17,2024-12-15,8,11637.91,5482.22,1454.74,platinum,FL
CUS00228,2024-01-09,2024-12-12,9,10506.77,4510.32,1167.42,platinum,IL
CUS00229,2024-02-25,2024-11-25,10,10524.94,4022.31,1052.49,platinum,WA
CUS00231,2024-03-07,2024-10-31,5,4306.71,654.16,861.34,silver,CO
CUS00232,2024-02-01,2024-11-06,10,9084.64,4025.9,908.46,gold,NY
CUS00233,2024-02-01,2024-12-18,12,9992.37,2660.23,832.7,platinum,CA
CUS00234,2024-03-28,2024-11-07,4,1999.06,843.16,499.76,platinum,TX
CUS00235,2024-02-26,2024-12-29,11,11546.39,4615.03,1049.67,platinum,FL
CUS00236,2024-01-09,2024-12-12,13,11753.0,4642.35,904.08,platinum,IL
CUS00237,2024-03-21,2024-12-25,8,9380.83,4215.57,1172.6,platinum,WA
CUS00238,2024-01-09,2024-10-12,11,10286.04,3475.58,935.09,platinum,GA
CUS00239,2024-01-06,2024-12-26,13,13887.75,6362.33,1068.29,platinum,CO
CUS00240,2024-02-04,2024-12-12,8,9092.87,3653.3,1136.61,bronze,NY
CUS00241,2024-01-02,2024-12-21,9,6674.36,2201.1000000000004,741.6,silver,CA
CUS00242,2024-04-20,2024-11-04,7,11199.27,4640.13,1599.9,gold,TX
CUS00243,2024-02-09,2024-09-25,7,7446.36,2899.4700000000003,1063.77,platinum,FL
CUS00244,2024-01-06,2024-10-25,6,8132.389999999999,2736.19,1355.4,platinum,IL
CUS00245,2024-01-17,2024-11-17,8,6924.34,2174.4700000000003,865.54,platinum,WA
CUS00246,2024-02-13,2024-11-17,6,4308.74,2092.17,718.12,platinum,GA
CUS00247,2024-02-08,2024-10-20,10,15387.14,7571.4,1538.71,platinum,CO
CUS00248,2024-01-20,2024-09-22,11,10990.97,4592.87,999.18,platinum,NY
CUS00249,2024-01-13,2024-10-20,13,14096.24,4628.45,1084.33,platinum,CA
CUS00250,2024-01-30,2024-12-21,12,12847.34,5105.74,1070.61,bronze,TX
CUS00251,2024-02-08,2024-10-21,10,8182.2,2998.0,818.22,silver,FL
CUS00252,2024-02-11,2024-12-17,13,15946.720000000001,7207.34,1226.67,gold,IL
CUS00254,2024-01-30,2024-11-30,11,16138.04,6865.46,1467.09,platinum,GA
CUS00255,2024-01-01,2024-12-23,10,5234.57,1781.27,523.46,platinum,CO
CUS00256,2024-03-08,2024-10-24,10,9381.2,4417.38,938.12,platinum,NY
CUS00257,2024-01-10,2024-12-15,12,11356.34,4693.04,946.36,platinum,CA
CUS00258,2024-01-24,2024-11-09,10,10498.35,4157.33,1049.84,platinum,TX
CUS00259,2024-03-14,2024-11-18,5,2506.23,835.36,501.25,platinum,FL
CUS00260,2024-02-18,2024-10-01,4,5484.6,2023.4099999999999,1371.15,bronze,IL
CUS00261,2024-01-06,2024-12-27,8,8433.039999999999,2586.74,1054.13,silver,WA
CUS00262,2024-03-12,2024-12-18,8,8127.150000000001,2943.69,1015.89,gold,GA
CUS00263,2024-02-04,2024-11-28,9,11309.16,4547.2,1256.57,platinum,CO
CUS00264,2024-02-23,2024-06-26,6,4453.8,1301.46,742.3,platinum,NY
CUS00265,2024-01-19,2024-11-13,14,13768.27,5031.26,983.45,platinum,CA
CUS00266,2024-01-11,2024-06-21,4,7422.51,3138.21,1855.63,platinum,TX
CUS00267,2024-01-12,2024-10-10,7,7375.6900000000005,2683.86,1053.67,platinum,FL
CUS00268,2024-01-11,2024-11-21,12,11322.63,4213.599999999999,943.55,platinum,IL
CUS00269,2024-02-07,2024-08-22,6,5259.13,1799.3799999999999,876.52,platinum,WA
CUS00270,2024-02-15,2024-11-17,9,8336.26,3105.59,926.25,bronze,GA
CUS00271,2024-01-04,2024-07-09,8,6195.1,2915.7799999999997,774.39,silver,CO
CUS00272,2024-01-31,2024-11-01,9,9780.48,4432.71,1086.72,gold,NY
CUS00273,2024-01-17,2024-10-13,7,7701.68,3137.48,1100.24,platinum,CA
CUS00274,2024-01-16,2024-12-01,9,4393.88,1941.36,488.21,platinum,TX
CUS00275,2024-01-17,2024-12-23,12,13265.19,4998.3,1105.43,platinum,FL
CUS00277,2024-02-07,2024-12-25,15,12503.39,4355.7300000000005,833.56,platinum,WA
CUS00278,2024-01-21,2024-12-17,8,9334.41,3999.33,1166.8,platinum,GA
CUS00279,2024-03-26,2024-11-21,7,3899.75,1535.63,557.11,platinum,CO
CUS00280,2024-01-27,2024-12-12,9,6316.73,2401.41,701.86,bronze,NY
CUS00281,2024-01-13,2024-12-22,13,13263.4,5722.93,1020.26,silver,CA
CUS00282,2024-01-02,2024-12-29,14,15824.3,6634.51,1130.31,gold,TX
CUS00283,2024-01-12,2024-12-22,15,18327.12,6747.46,1221.81,platinum,FL
CUS00284,2024-02-01,2024-11-09,9,5319.09,1525.28,591.01,platinum,IL
CUS00285,2024-03-11,2024-12-29,10,6849.06,2823.9700000000003,684.91,platinum,WA
CUS00286,2024-02-21,2024-12-17,14,11955.45,4167.099999999999,853.96,platinum,GA
CUS00287,2024-02-13,2024-12-30,9,7500.0,2581.23,833.33,platinum,CO
CUS00288,2024-01-17,2024-11-13,10,14827.17,6919.14,1482.72,platinum,NY
CUS00289,2024-02-29,2024-12-07,13,17226.78,6075.18,1325.14,platinum,CA
CUS00290,2024-01-09,2024-11-25,6,3513.12,1449.6799999999998,585.52,bronze,TX
CUS00291,2024-04-19,2024-12-02,7,5715.55,2785.9,816.51,silver,FL
CUS00292,2024-01-05,2024-10-24,8,6138.45,2328.5099999999998,767.31,gold,IL
CUS00293,2024-01-05,2024-12-12,11,7118.27,2464.73,647.12,platinum,WA
CUS00294,2024-02-25,2024-12-21,15,18192.18,7762.12,1212.81,platinum,GA
CUS00295,2024-01-15,2024-12-17,13,17538.62,8214.1,1349.12,platinum,CO
CUS00296,2024-01-20,2024-12-27,10,9613.68,3940.76,961.37,platinum,NY
CUS00297,2024-01-09,2024-12-17,9,4734.92,1500.19,526.1,platinum,CA
CUS00298,2024-01-03,2024-12-30,8,7446.17,3493.36,930.77,platinum,TX
CUS00300,2024-01-01,2024-12-27,10,11072.84,4221.93,1107.28,bronze,IL
CUS00301,2024-02-24,2024-12-17,12,8608.3,3638.26,717.36,silver,WA
CUS00302,2024-01-03,2024-12-25,11,14384.53,6403.37,1307.68,gold,GA
CUS00303,2024-04-24,2024-12-06,9,6990.73,2912.71,776.75,platinum,CO
CUS00304,2024-01-08,2024-11-17,9,15740.47,6250.6900000000005,1748.94,platinum,NY
CUS00305,2024-01-22,2024-12-30,10,11632.509999999998,4716.59,1163.25,platinum,CA
CUS00306,2024-01-21,2024-11-15,11,13503.92,5523.25,1227.63,platinum,TX
CUS00307,2024-02-07,2024-12-11,11,10682.619999999999,3800.24,971.15,platinum,FL
CUS00308,2024-01-13,2024-12-14,12,9632.67,3475.0299999999997,802.72,platinum,IL
CUS00309,2024-01-03,2024-11-22,13,6540.53,1987.02,503.12,platinum,WA
CUS00310,2024-01-11,2024-12-25,11,16914.43,6788.09,1537.68,bronze,GA
CUS00311,2024-01-04,2024-10-19,5,4707.950000000001,1754.69,941.59,silver,CO
CUS00312,2024-02-24,2024-12-06,13,10397.38,3683.41,799.8,gold,NY
CUS00313,2024-01-10,2024-11-28,10,11279.28,3564.19,1127.93,platinum,CA
CUS00314,2024-01-06,2024-11-08,7,8992.060000000001,4635.36,1284.58,platinum,TX
CUS00315,2024-02-14,2024-11-04,9,6188.46,2455.33,687.61,platinum,FL
CUS00316,2024-01-13,2024-09-29,14,13701.66,6493.53,978.69,platinum,IL
CUS00317,2024-01-14,2024-10-25,6,4446.91,1615.62,741.15,platinum,WA
CUS00318,2024-02-23,2024-12-22,12,12393.22,4937.07,1032.77,platinum,GA
CUS00319,2024-01-25,2024-12-28,11,11287.42,4171.37,1026.13,platinum,CO
CUS00320,2024-02-05,2024-12-05,7,6354.95,2685.75,907.85,bronze,NY
CUS00321,2024-01-23,2024-12-05,11,13310.67,5712.5599999999995,1210.06,silver,CA
CUS00323,2024-01-02,2024-12-26,6,10455.380000000001,4118.51,1742.56,platinum,FL
CUS00324,2024-01-08,2024-12-03,8,10169.6,4950.879999999999,1271.2,platinum,IL
CUS00325,2024-01-31,2024-07-05,3,3879.9600000000005,1803.76,1293.32,platinum,WA
CUS00326,2024-01-06,2024-10-30,10,9164.67,3937.71,916.47,platinum,GA
CUS00327,2024-04-20,2024-08-21,6,9357.39,3873.85,1559.56,platinum,CO
CUS00328,2024-02-22,2024-12-11,8,8821.39,4060.96,1102.67,platinum,NY
CUS00329,2024-02-05,2024-11-25,10,7977.11,2938.59,797.71,platinum,CA
CUS00330,2024-01-09,2024-12-14,11,12856.35,6165.42,1168.76,bronze,TX
CUS00331,2024-01-31,2024-11-24,7,7282.08,3165.44,1040.3,silver,FL
CUS00332,2024-04-12,2024-12-12,7,6679.37,2692.71,954.2,gold,IL
CUS00333,2024-02-18,2024-12-02,9,8394.07,3174.44,932.67,platinum,WA
CUS00334,2024-02-22,2024-12-02,10,6915.24,2408.15,691.52,platinum,GA
CUS00335,2024-01-25,2024-12-28,12,12957.890000000001,5459.63,1079.82,platinum,CO
CUS00336,2024-01-16,2024-11-16,9,7401.2300000000005,2671.25,822.36,platinum,NY
CUS00337,2024-01-04,2024-12-29,12,10434.63,4914.75,869.55,platinum,CA
CUS00338,2024-01-19,2024-12-14,14,10417.84,3585.84,744.13,platinum,TX
CUS00339,2024-01-10,2024-11-12,14,11701.08,5094.14,835.79,platinum,FL
CUS00340,2024-05-25,2024-12-16,9,14480.5,6907.84,1608.94,bronze,IL
CUS00341,2024-01-05,2024-12-12,14,11904.76,4799.06,850.34,silver,WA
CUS00342,2024-01-04,2024-11-09,12,12978.71,5769.9,1081.56,gold,GA
CUS00343,2024-01-25,2024-12-05,12,9870.91,3050.47,822.58,platinum,CO
CUS00344,2024-01-13,2024-12-25,5,8744.98,4156.38,1749.0,platinum,NY
CUS00346,2024-01-17,2024-12-05,12,13151.46,5177.639999999999,1095.96,platinum,TX
CUS00347,2024-07-08,2024-12-04,5,7562.86,3015.99,1512.57,platinum,FL
CUS00348,2024-01-30,2024-09-12,10,10249.41,3793.57,1024.94,platinum,IL
CUS00349,2024-01-14,2024-12-07,14,14742.32,5324.0199999999995,1053.02,platinum,WA
CUS00350,2024-01-15,2024-12-23,12,13192.93,5621.28,1099.41,bronze,GA
CUS00351,2024-01-02,2024-11-10,10,9939.95,3906.74,994.0,silver,CO
CUS00352,2024-02-21,2024-08-10,9,10486.14,4838.89,1165.13,gold,NY
CUS00353,2024-03-06,2024-11-19,7,7180.53,3034.75,1025.79,platinum,CA
CUS00354,2024-03-17,2024-12-28,8,7044.51,2666.27,880.56,platinum,TX
CUS00355,2024-01-23,2024-12-27,8,8505.960000000001,3394.17,1063.25,platinum,FL
CUS00356,2024-02-21,2024-11-28,16,16070.0,6338.3,1004.38,platinum,IL
CUS00357,2024-04-18,2024-12-23,7,4976.04,2252.74,710.86,platinum,WA
CUS00358,2024-02-19,2024-05-20,4,3753.48,1372.24,938.37,platinum,GA
CUS00359,2024-01-22,2024-12-19,8,7452.07,2869.41,931.51,platinum,CO
CUS00360,2024-01-15,2024-11-05,9,6107.21,2542.79,678.58,bronze,NY
CUS00361,2024-01-11,2024-11-23,16,19877.36,9294.27,1242.34,silver,CA
CUS00362,2024-02-28,2024-12-09,7,4868.75,1615.6200000000001,695.54,gold,TX
CUS00363,2024-01-23,2024-11-26,6,5320.0599999999995,2633.49,886.68,platinum,FL
CUS00364,2024-01-04,2024-12-28,12,8230.31,2462.94,685.86,platinum,IL
CUS00365,2024-07-22,2024-11-10,6,6091.54,2517.98,1015.26,platinum,WA
CUS00366,2024-02-12,2024-11-29,15,11962.42,4678.27,797.49,platinum,GA
CUS00367,2024-01-13,2024-12-17,13,13133.78,5266.179999999999,1010.29,platinum,CO
CUS00369,2024-01-19,2024-12-25,9,9220.369999999999,3625.58,1024.49,platinum,CA
CUS00370,2024-01-10,2024-10-15,4,3009.26,1293.81,752.32,bronze,TX
CUS00371,2024-03-27,2024-12-20,14,16259.98,6327.9,1161.43,silver,FL
CUS00372,2024-01-28,2024-12-20,9,8279.41,2728.31,919.93,gold,IL
CUS00373,2024-01-08,2024-12-15,12,15910.25,6476.35,1325.85,platinum,WA
CUS00374,2024-04-01,2024-12-26,6,8805.3,3910.54,1467.55,platinum,GA
CUS00375,2024-02-28,2024-11-02,8,7468.5,3196.54,933.56,platinum,CO
CUS00376,2024-02-18,2024-12-03,11,12296.83,4413.77,1117.89,platinum,NY
CUS00377,2024-01-09,2024-12-21,11,6897.6,3372.79,627.05,platinum,CA
CUS00378,2024-01-01,2024-12-12,13,15765.17,6286.7,1212.71,platinum,TX
CUS00379,2024-01-02,2024-10-17,10,7497.82,2428.67,749.78,platinum,FL
CUS00380,2024-02-08,2024-12-03,14,10568.75,4137.87,754.91,bronze,IL
CUS00381,2024-01-05,2024-10-24,11,12340.41,4680.38,1121.86,silver,WA
CUS00382,2024-02-27,2024-11-21,8,5788.92,2259.46,723.62,gold,GA
CUS00383,2024-01-27,2024-12-26,5,5738.57,2496.2,1147.71,platinum,CO
CUS00384,2024-01-20,2024-12-13,7,4565.74,1574.97,652.25,platinum,NY
CUS00385,2024-01-22,2024-11-20,9,6390.61,2172.5,710.07,platinum,CA
CUS00386,2024-01-05,2024-12-09,12,14828.49,6770.14,1235.71,platinum,TX
CUS00387,2024-01-04,2024-12-03,10,9418.77,3343.33,941.88,platinum,FL
CUS00388,2024-02-20,2024-10-23,8,7721.11,2903.42,965.14,platinum,IL
CUS00389,2024-01-03,2024-12-30,9,12629.82,5126.24,1403.31,platinum,WA
CUS00390,2024-01-06,2024-12-02,13,14367.130000000001,5620.03,1105.16,bronze,GA
CUS00392,2024-02-10,2024-11-03,10,9259.17,4042.62,925.92,gold,NY
CUS00393,2024-02-21,2024-12-30,6,4062.91,1341.19,677.15,platinum,CA
CUS00394,2024-01-23,2024-12-25,14,19954.91,7194.75,1425.35,platinum,TX
CUS00395,2024-03-17,2024-11-23,9,12351.86,6238.92,1372.43,platinum,FL
CUS00396,2024-01-06,2024-12-10,11,9855.26,3953.76,895.93,platinum,IL
CUS00397,2024-04-13,2024-12-25,4,3581.71,812.05,895.43,platinum,WA
CUS00398,2024-01-03,2024-12-18,8,8467.61,3476.58,1058.45,platinum,GA
CUS00399,2024-01-30,2024-10-17,10,11061.58,5007.33,1106.16,platinum,CO
CUS00400,2024-01-11,2024-11-26,10,11648.52,3899.75,1164.85,bronze,NY
CUS00401,2024-01-18,2024-12-15,14,16871.22,5422.54,1205.09,silver,CA
CUS00402,2024-01-23,2024-10-15,8,5846.24,1891.68,730.78,gold,TX
CUS00403,2024-01-23,2024-07-25,6,5275.16,1922.71,879.19,platinum,FL
CUS00404,2024-01-13,2024-11-02,4,3169.46,1158.3,792.36,platinum,IL
CUS00405,2024-01-25,2024-11-13,12,13960.73,6353.92,1163.39,platinum,WA
CUS00406,2024-01-01,2024-09-23,9,9443.84,3225.4,1049.32,platinum,GA
CUS00407,2024-01-07,2024-09-22,5,5290.21,1927.3,1058.04,platinum,CO
CUS00408,2024-02-09,2024-12-30,12,16565.38,7675.66,1380.45,platinum,NY
CUS00409,2024-01-31,2024-12-18,8,10535.26,5122.29,1316.91,platinum,CA
CUS00410,2024-03-17,2024-12-23,9,7617.47,2650.14,846.39,bronze,TX
CUS00411,2024-01-23,2024-12-23,6,4295.2,1702.01,715.87,silver,FL
CUS00412,2024-01-29,2024-12-14,12,11271.65,4280.83,939.3,gold,IL
CUS00413,2024-04-07,2024-10-16,6,9658.88,4055.49,1609.81,platinum,WA
CUS00415,2024-01-15,2024-11-01,12,9823.74,4150.5599999999995,818.64,platinum,CO
CUS00416,2024-01-01,2024-12-16,5,3243.75,1289.9,648.75,platinum,NY
CUS00417,2024-02-10,2024-12-29,10,7455.63,3107.5899999999997,745.56,platinum,CA
CUS00418,2024-02-13,2024-10-30,14,17111.7,6917.27,1222.26,platinum,TX
CUS00419,2024-01-10,2024-12-18,13,14930.32,5834.59,1148.49,platinum,FL
CUS00420,2024-01-31,2024-07-13,3,2361.64,484.97,787.21,bronze,IL
CUS00421,2024-01-06,2024-12-08,10,13272.11,5447.169999999999,1327.21,silver,WA
CUS00422,2024-01-23,2024-12-14,9,9549.74,3719.3,1061.08,gold,GA
CUS00423,2024-01-17,2024-09-09,7,8812.48,3108.71,1258.93,platinum,CO
CUS00424,2024-03-22,2024-12-28,5,3896.77,1754.38,779.35,platinum,NY
CUS00425,2024-02-08,2024-12-16,12,9902.8,3533.6,825.23,platinum,CA
CUS00426,2024-01-28,2024-09-30,15,18097.260000000002,7108.49,1206.48,platinum,TX
CUS00427,2024-02-12,2024-11-02,8,7161.44,2032.12,895.18,platinum,FL
CUS00428,2024-01-15,2024-12-15,14,14686.38,5227.1,1049.03,platinum,IL
CUS00429,2024-04-16,2024-11-08,12,16939.12,7393.39,1411.59,platinum,WA
CUS00430,2024-03-16,2024-12-17,10,7109.47,2965.19,710.95,bronze,GA
CUS00431,2024-03-14,2024-12-20,10,9398.04,3664.7599999999998,939.8,silver,CO
CUS00432,2024-01-05,2024-10-13,12,15338.9,6712.55,1278.24,gold,NY
CUS00433,2024-03-24,2024-12-11,5,3832.5499999999997,1701.6000000000001,766.51,platinum,CA
CUS00434,2024-03-07,2024-12-30,9,16606.75,7810.98,1845.19,platinum,TX
CUS00435,2024-01-10,2024-09-11,8,6072.97,1814.4,759.12,platinum,FL
CUS00436,2024-03-24,2024-10-18,5,4215.0,1891.1100000000001,843.0,platinum,IL
CUS00438,2024-02-16,2024-11-28,8,10188.91,4145.76,1273.61,platinum,GA
CUS00439,2024-05-08,2024-12-26,4,4223.03,1817.51,1055.76,platinum,CO
CUS00440,2024-03-18,2024-10-05,7,8007.0,2894.63,1143.86,bronze,NY
CUS00441,2024-01-07,2024-11-13,11,12423.34,4686.19,1129.39,silver,CA
CUS00442,2024-01-03,2024-11-08,5,7196.87,2913.44,1439.37,gold,TX
CUS00443,2024-02-13,2024-12-23,4,2833.04,962.25,708.26,platinum,FL
CUS00444,2024-01-07,2024-09-20,7,8695.37,3429.88,1242.2,platinum,IL
CUS00445,2024-01-06,2024-12-06,13,14342.15,6170.07,1103.24,platinum,WA
CUS00446,2024-03-15,2024-11-12,5,2726.64,1049.46,545.33,platinum,GA
CUS00447,2024-01-19,2024-10-23,8,6753.29,3221.56,844.16,platinum,CO
CUS00448,2024-02-01,2024-11-05,11,11210.37,3654.11,1019.12,platinum,NY
CUS00449,2024-01-20,2024-12-24,11,12420.98,5431.51,1129.18,platinum,CA
CUS00450,2024-01-21,2024-12-30,10,11126.03,4824.08,1112.6,bronze,TX
CUS00451,2024-02-21,2024-12-14,4,4611.04,2087.97,1152.76,silver,FL
CUS00452,2024-01-13,2024-12-07,9,7606.99,2974.46,845.22,gold,IL
CUS00453,2024-01-08,2024-12-26,6,8093.9400000000005,3430.7,1348.99,platinum,WA
CUS00454,2024-03-01,2024-11-11,8,12961.550000000001,5914.92,1620.19,platinum,GA
CUS00455,2024-01-18,2024-12-23,7,6025.52,2066.7,860.79,platinum,CO
CUS00456,2024-03-17,2024-11-21,10,8151.45,2961.49,815.14,platinum,NY
CUS00457,2024-01-24,2024-12-13,8,10020.58,3855.76,1252.57,platinum,CA
CUS00458,2024-02-27,2024-10-31,9,9447.66,4176.84,1049.74,platinum,TX
CUS00459,2024-01-26,2024-12-30,10,9719.029999999999,3491.2,971.9,platinum,FL
CUS00461,2024-01-16,2024-12-07,10,8721.52,3470.68,872.15,silver,WA
CUS00462,2024-01-27,2024-12-14,14,9820.01,3936.4500000000003,701.43,gold,GA
CUS00463,2024-02-10,2024-12-24,11,11103.56,4214.16,1009.41,platinum,CO
CUS00464,2024-04-01,2024-12-05,11,8902.279999999999,3308.94,809.3,platinum,NY
CUS00465,2024-02-23,2024-09-22,7,4677.450000000001,2028.19,668.21,platinum,CA
CUS00466,2024-01-20,2024-12-19,13,14296.83,5508.7,1099.76,platinum,TX
CUS00467,2024-02-14,2024-10-28,10,11341.04,4926.82,1134.1,platinum,FL
CUS00468,2024-03-20,2024-12-08,8,9595.34,3169.16,1199.42,platinum,IL
CUS00469,2024-01-01,2024-11-20,13,10871.67,4852.93,836.28,platinum,WA
CUS00470,2024-01-10,2024-11-16,9,7784.969999999999,2657.3,865.0,bronze,GA
CUS00471,2024-05-13,2024-12-28,5,3977.75,1345.63,795.55,silver,CO
CUS00472,2024-02-16,2024-11-08,11,9994.050000000001,4194.25,908.55,gold,NY
CUS00473,2024-02-03,2024-11-30,14,12475.36,4409.77,891.1,platinum,CA
CUS00474,2024-01-03,2024-10-08,10,10119.69,4394.08,1011.97,platinum,TX
CUS00475,2024-01-12,2024-11-21,16,19097.48,6229.68,1193.59,platinum,FL
CUS00476,2024-02-15,2024-12-29,9,5077.650000000001,1501.32,564.18,platinum,IL
CUS00477,2024-01-04,2024-12-23,11,10626.74,4198.74,966.07,platinum,WA
CUS00478,2024-01-09,2024-12-07,8,8431.29,3288.57,1053.91,platinum,GA
CUS00479,2024-02-20,2024-12-16,12,7974.21,2121.83,664.52,platinum,CO
CUS00480,2024-03-17,2024-10-11,6,10430.54,4557.219999999999,1738.42,bronze,NY
CUS00481,2024-01-14,2024-11-13,10,9008.78,3710.56,900.88,silver,CA
CUS00482,2024-01-13,2024-11-08,8,6639.71,2461.6,829.96,gold,TX
CUS00484,2024-01-03,2024-11-18,8,10865.79,4485.75,1358.22,platinum,IL
CUS00485,2024-01-17,2024-10-18,7,5749.65,2062.07,821.38,platinum,WA
CUS00486,2024-02-04,2024-11-11,8,8225.78,3454.87,1028.22,platinum,GA
CUS00487,2024-01-03,2024-12-13,10,6390.860000000001,2415.66,639.09,platinum,CO
CUS00488,2024-07-21,2024-11-08,3,3705.05,1580.57,1235.02,platinum,NY
CUS00489,2024-01-13,2024-12-11,12,11865.3,5031.28,988.78,platinum,CA
CUS00490,2024-03-23,2024-11-14,7,7788.85,3075.1,1112.69,bronze,TX
CUS00491,2024-02-05,2024-12-30,9,6598.35,2479.06,733.15,silver,FL
CUS00492,2024-02-06,2024-08-27,4,4571.98,2197.7000000000003,1142.99,gold,IL
CUS00493,2024-01-14,2024-12-07,15,12033.91,4310.59,802.26,platinum,WA
CUS00494,2024-04-10,2024-11-06,6,8366.15,3845.5,1394.36,platinum,GA
CUS00495,2024-01-16,2024-10-22,8,9631.73,3417.29,1203.97,platinum,CO
CUS00496,2024-05-11,2024-12-16,14,13093.619999999999,4587.12,935.26,platinum,NY
CUS00497,2024-01-03,2024-12-19,19,17274.8,7322.42,909.2,platinum,CA
CUS00498,2024-03-05,2024-12-05,9,8483.35,3552.68,942.59,platinum,TX
CUS00499,2024-06-14,2024-12-21,7,7245.17,3170.12,1035.02,platinum,FL
CUS00500,2024-01-01,2024-12-17,14,13581.93,4894.21,970.14,bronze,IL
