transaction_date,category,transactions,units_sold,net_revenue,gross_profit
2024-01-01,Apparel,2,10,3152.44,971.79
2024-01-01,Electronics,2,6,848.9399999999999,166.84
2024-01-01,Grocery,1,3,2036.79,1136.94
2024-01-01,Home,4,15,3378.0,1097.0900000000001
2024-01-01,Sports,2,5,818.78,292.15999999999997
2024-01-02,Apparel,4,12,5320.1,1784.48
2024-01-02,Electronics,2,7,3480.67,1615.04
2024-01-02,Grocery,2,3,1295.19,590.95
2024-01-02,Home,1,1,54.14,10.24
2024-01-02,Sports,3,8,3250.82,938.35
2024-01-03,Apparel,3,12,5495.88,1955.84
2024-01-03,Electronics,5,20,1834.5700000000002,396.43
2024-01-03,Grocery,7,24,9513.06,3283.49
2024-01-03,Home,1,2,1088.86,559.96
2024-01-03,Sports,4,14,2958.31,1021.9200000000001
2024-01-04,Apparel,4,11,1648.74,463.96
2024-01-04,Electronics,2,5,1489.63,554.88
2024-01-04,Grocery,2,8,1979.98,859.38
2024-01-04,Home,2,7,1985.66,575.64
2024-01-04,Sports,2,5,2144.76,920.99
2024-01-05,Apparel,4,13,6745.8099999999995,3009.22
2024-01-05,Electronics,2,4,653.54,254.9
2024-01-05,Grocery,1,2,643.12,171.36
2024-01-05,Home,3,8,2091.56,779.2
2024-01-05,Sports,5,10,3568.93,1855.15
2024-01-06,Apparel,4,11,5322.83,2740.8599999999997
2024-01-06,Electronics,2,9,4250.3,2227.17
2024-01-06,Grocery,6,16,5412.43,2458.2099999999996
2024-01-06,Home,5,21,8788.48,4569.65
2024-01-06,Sports,2,7,2626.54,810.1600000000001
2024-01-07,Apparel,3,4,1117.82,522.55
2024-01-07,Electronics,2,6,1696.61,844.66
2024-01-07,Grocery,3,8,1594.0,795.3
2024-01-07,Sports,2,5,2013.4099999999999,1094.03
2024-01-08,Electronics,7,26,5205.41,2173.75
2024-01-08,Grocery,2,3,1007.76,469.49
2024-01-08,Home,3,10,1912.17,976.06
2024-01-08,Sports,1,4,1663.08,541.16
2024-01-09,Apparel,5,17,6641.46,2805.17
2024-01-09,Electronics,2,8,2543.9300000000003,581.56
2024-01-09,Grocery,4,15,3404.4,1157.05
2024-01-09,Home,1,1,23.48,4.05
2024-01-09,Sports,7,22,8079.85,3591.81
2024-01-10,Apparel,3,12,3428.25,1463.2800000000002
2024-01-10,Electronics,3,11,1619.49,283.76
2024-01-10,Grocery,6,16,3794.16,1686.88
2024-01-10,Home,3,11,4479.15,1282.46
2024-01-11,Apparel,4,15,5066.08,2276.43
2024-01-11,Grocery,1,3,953.88,238.14
2024-01-11,Sports,4,14,8714.86,3724.56
2024-01-12,Apparel,4,15,3229.8199999999997,1157.97
2024-01-12,Electronics,3,12,5302.63,2458.95
2024-01-12,Grocery,1,4,2308.32,783.32
2024-01-12,Home,1,4,330.04,171.64
2024-01-12,Sports,4,11,4991.83,1899.3400000000001
2024-01-13,Apparel,7,21,5743.31,2140.89
2024-01-13,Electronics,2,3,1918.8400000000001,766.43
2024-01-13,Grocery,6,19,6331.1,2657.66
2024-01-13,Home,3,7,4109.1,2250.8399999999997
2024-01-13,Sports,6,21,7284.48,2591.16
2024-01-14,Apparel,1,1,648.85,349.94
2024-01-14,Electronics,5,8,2824.3100000000004,905.87
2024-01-14,Grocery,2,6,2347.99,845.97
2024-01-14,Home,3,13,2566.48,541.42
2024-01-14,Sports,4,9,5045.79,2007.5100000000002
2024-01-15,Apparel,4,17,6275.89,2864.38
2024-01-15,Electronics,7,23,7646.42,3289.47
2024-01-15,Grocery,2,4,530.51,281.30999999999995
2024-01-15,Home,1,5,391.92,193.92
2024-01-15,Sports,3,10,3828.95,1716.04
2024-01-16,Apparel,2,3,749.81,310.97
2024-01-16,Electronics,2,6,1618.88,522.4200000000001
2024-01-16,Grocery,2,8,3024.54,975.55
2024-01-16,Home,3,6,2428.84,1063.02
2024-01-16,Sports,3,11,4224.83,1393.04
2024-01-17,Apparel,2,8,5540.3,2796.86
2024-01-17,Electronics,2,6,1918.0900000000001,911.37
2024-01-17,Grocery,1,3,953.88,238.14
2024-01-17,Home,4,14,4965.17,1986.18
2024-01-17,Sports,2,10,4073.55,1659.2
2024-01-18,Apparel,3,14,5201.6900000000005,1621.34
2024-01-18,Electronics,1,1,116.31,21.2
2024-01-18,Home,3,11,2930.5299999999997,905.16
2024-01-18,Sports,4,11,3552.6400000000003,1283.68
2024-01-19,Apparel,4,9,2811.79,928.22
2024-01-19,Electronics,1,4,545.48,308.44
2024-01-19,Grocery,2,3,1058.99,464.65999999999997
2024-01-19,Home,2,4,212.45,41.15
2024-01-19,Sports,5,17,7278.55,2258.5
2024-01-20,Apparel,2,8,1238.58,355.31
2024-01-20,Electronics,3,11,3706.36,1207.51
2024-01-20,Grocery,3,13,5623.92,2426.02
2024-01-20,Home,3,10,4654.74,1807.49
2024-01-20,Sports,5,12,3531.04,1592.53
2024-01-21,Apparel,2,5,1854.03,713.1999999999999
2024-01-21,Grocery,5,14,5233.39,2032.24
2024-01-21,Home,5,18,6768.14,2567.12
2024-01-21,Sports,4,9,1807.62,520.2900000000001
2024-01-22,Apparel,5,9,1158.72,458.15999999999997
2024-01-22,Electronics,3,12,4244.51,1249.31
2024-01-22,Home,3,15,2866.93,856.48
2024-01-23,Apparel,6,17,8257.07,3794.31
2024-01-23,Electronics,4,13,2782.23,708.8900000000001
2024-01-23,Grocery,2,7,935.9000000000001,396.78
2024-01-23,Home,2,8,1402.58,500.58
2024-01-23,Sports,1,4,1353.27,678.03
2024-01-24,Apparel,1,4,1967.24,817.96
2024-01-24,Electronics,1,5,155.7,71.25
2024-01-24,Grocery,3,7,3591.44,1692.5300000000002
2024-01-24,Home,4,7,1654.6799999999998,449.43
2024-01-24,Sports,3,10,3444.24,1538.96
2024-01-25,Apparel,2,5,934.52,394.32
2024-01-25,Electronics,1,5,1006.65,169.2
2024-01-25,Grocery,2,7,2407.4900000000002,1139.23
2024-01-25,Home,4,11,1971.23,724.15
2024-01-25,Sports,6,18,7833.26,2472.64
2024-01-26,Apparel,2,8,4090.1499999999996,1652.31
2024-01-26,Electronics,2,7,538.23,118.8
2024-01-26,Grocery,3,8,1620.88,444.94
2024-01-26,Home,2,8,1755.6799999999998,902.12
2024-01-26,Sports,2,7,2488.8199999999997,1212.14
2024-01-27,Apparel,2,6,2440.73,873.6700000000001
2024-01-27,Electronics,3,10,2394.48,904.4300000000001
2024-01-27,Grocery,1,3,184.26,79.47
2024-01-27,Home,1,1,488.55,138.47
2024-01-27,Sports,5,10,1591.2,594.34
2024-01-28,Apparel,2,8,2107.2,604.84
2024-01-28,Electronics,1,2,1108.2,629.76
2024-01-28,Grocery,4,14,3551.6000000000004,1239.32
2024-01-28,Home,1,5,2436.75,995.0
2024-01-28,Sports,3,9,3023.54,1298.78
2024-01-29,Electronics,3,13,5281.349999999999,1566.45
2024-01-29,Grocery,2,7,3388.29,1682.33
2024-01-29,Sports,1,4,484.96,93.32
2024-01-30,Apparel,4,14,6002.23,2215.37
2024-01-30,Electronics,1,4,2306.36,777.0
2024-01-30,Grocery,3,5,1602.92,536.36
2024-01-30,Home,3,11,3188.25,1248.2
2024-01-30,Sports,3,8,1496.12,423.68
2024-01-31,Apparel,3,9,1465.82,612.51
2024-01-31,Electronics,2,7,1263.9,701.01
2024-01-31,Grocery,3,7,1616.0900000000001,510.40000000000003
2024-01-31,Home,2,7,4398.8099999999995,1913.1799999999998
2024-01-31,Sports,7,23,10568.970000000001,4270.7699999999995
2024-02-01,Apparel,3,8,2135.6,841.6899999999999
2024-02-01,Electronics,6,19,6725.71,2120.33
2024-02-01,Grocery,1,5,115.7,62.7
2024-02-01,Home,1,5,1954.2,203.8
2024-02-01,Sports,2,7,2732.17,723.04
2024-02-02,Apparel,3,8,1743.38,531.6899999999999
2024-02-02,Electronics,1,1,399.84,170.29
2024-02-02,Grocery,1,2,198.74,107.86
2024-02-02,Home,2,5,963.4300000000001,493.98
2024-02-02,Sports,3,10,3720.85,1543.51
2024-02-03,Apparel,4,18,5222.52,2510.31
2024-02-03,Electronics,2,5,1157.35,402.24
2024-02-03,Grocery,2,5,1516.91,751.39
2024-02-03,Home,1,3,955.39,140.26
2024-02-03,Sports,2,5,1716.1599999999999,424.37
2024-02-04,Apparel,3,12,3524.66,1357.36
2024-02-04,Electronics,3,11,3889.7400000000002,1925.28
2024-02-04,Grocery,2,5,1878.35,824.09
2024-02-04,Home,5,17,4110.67,1589.29
2024-02-04,Sports,2,8,3421.76,1213.58
2024-02-05,Apparel,3,13,3737.7599999999998,1332.44
2024-02-05,Electronics,4,6,2132.39,1064.66
2024-02-05,Grocery,2,9,1996.0100000000002,768.58
2024-02-05,Home,2,9,3829.35,953.59
2024-02-05,Sports,2,3,896.13,373.46000000000004
2024-02-06,Apparel,3,12,4035.25,1289.98
2024-02-06,Electronics,3,7,3674.48,1900.05
2024-02-06,Grocery,2,3,238.68,99.37
2024-02-06,Home,4,13,2650.8999999999996,1074.3200000000002
2024-02-06,Sports,1,5,3376.35,1709.3
2024-02-07,Apparel,4,9,1339.5,564.95
2024-02-07,Electronics,3,6,1873.88,916.13
2024-02-07,Grocery,2,8,672.4100000000001,312.76
2024-02-07,Home,3,10,3849.5299999999997,1075.11
2024-02-07,Sports,1,1,412.37,215.07
2024-02-08,Apparel,3,7,1828.21,626.61
2024-02-08,Electronics,3,6,1112.92,344.06
2024-02-08,Grocery,6,17,7400.610000000001,3461.45
2024-02-08,Home,2,5,841.94,322.6
2024-02-08,Sports,2,7,3734.46,1446.17
2024-02-09,Apparel,2,7,1348.8600000000001,460.73
2024-02-09,Electronics,3,8,3620.88,1189.92
2024-02-09,Grocery,3,9,6598.28,3615.98
2024-02-09,Home,5,14,1773.46,417.25
2024-02-09,Sports,2,4,1242.11,254.26999999999998
2024-02-10,Apparel,2,4,1811.48,736.8
2024-02-10,Grocery,2,4,1820.67,631.48
2024-02-10,Home,2,2,356.81,125.88
2024-02-10,Sports,7,22,7842.35,3571.14
2024-02-11,Apparel,3,12,1169.17,431.92
2024-02-11,Electronics,3,9,2374.44,1043.55
2024-02-11,Grocery,4,10,4347.99,1990.94
2024-02-11,Home,3,5,3025.04,1336.98
2024-02-11,Sports,2,7,2196.5299999999997,1049.15
2024-02-12,Apparel,3,7,2669.48,729.34
2024-02-12,Electronics,2,6,1803.77,757.13
2024-02-12,Grocery,3,7,2096.1800000000003,962.02
2024-02-12,Home,2,4,1190.13,489.79999999999995
2024-02-12,Sports,1,4,1306.12,373.0
2024-02-13,Apparel,4,8,2867.93,1077.7600000000002
2024-02-13,Electronics,4,16,1942.67,329.14
2024-02-13,Grocery,5,17,5800.87,2582.82
2024-02-13,Home,4,16,3091.93,1310.95
2024-02-13,Sports,5,13,6103.13,2022.61
2024-02-14,Apparel,2,6,3292.9,1364.3600000000001
2024-02-14,Electronics,1,2,1015.6,266.5
2024-02-14,Grocery,4,11,6003.3,2551.09
2024-02-14,Home,3,11,4969.46,2297.05
2024-02-15,Apparel,4,10,4560.75,1733.13
2024-02-15,Electronics,5,14,4334.09,1210.15
2024-02-15,Grocery,2,8,2141.44,909.6300000000001
2024-02-16,Apparel,2,8,4039.8,1876.26
2024-02-16,Electronics,5,17,4358.54,1625.97
2024-02-16,Grocery,1,4,322.64,92.16
2024-02-16,Home,5,11,3135.62,1356.03
2024-02-16,Sports,3,10,3715.46,1850.48
2024-02-17,Apparel,2,8,3582.95,1938.07
2024-02-17,Electronics,3,8,2345.24,882.46
2024-02-17,Grocery,2,9,2679.42,1365.87
2024-02-17,Sports,2,7,2659.99,1340.07
2024-02-18,Apparel,1,5,696.55,329.8
2024-02-18,Electronics,4,14,7189.38,3085.44
2024-02-18,Grocery,3,11,4385.6900000000005,1927.9099999999999
2024-02-18,Home,4,15,5686.82,1757.3400000000001
2024-02-18,Sports,1,4,1901.4,466.72
2024-02-19,Apparel,4,12,4374.4400000000005,1736.02
2024-02-19,Electronics,1,5,1430.45,317.9
2024-02-19,Grocery,3,7,4063.5699999999997,2218.27
2024-02-19,Home,1,1,82.51,42.91
2024-02-19,Sports,2,6,2902.92,1247.94
2024-02-20,Apparel,7,24,10410.16,4426.73
2024-02-20,Electronics,1,3,436.53,134.61
2024-02-20,Grocery,2,5,1235.5,703.1999999999999
2024-02-20,Home,2,8,1399.3999999999999,359.61
2024-02-20,Sports,2,5,2760.99,1127.26
2024-02-21,Apparel,4,6,2156.37,999.8900000000001
2024-02-21,Electronics,1,4,1627.12,774.12
2024-02-21,Grocery,3,8,4304.8,2225.7
2024-02-21,Home,2,8,562.38,96.32000000000001
2024-02-21,Sports,3,9,3248.04,1443.22
2024-02-22,Apparel,2,6,3077.57,1263.3600000000001
2024-02-22,Electronics,3,11,5480.51,2772.9500000000003
2024-02-22,Grocery,1,4,997.36,294.12
2024-02-22,Home,3,9,1914.1799999999998,940.5799999999999
2024-02-22,Sports,5,12,7307.7,2978.08
2024-02-23,Apparel,4,12,6615.1,3022.07
2024-02-23,Grocery,3,10,3106.67,1373.33
2024-02-23,Home,5,17,4142.36,1272.89
2024-02-23,Sports,1,3,867.17,246.2
2024-02-24,Apparel,3,7,1515.75,804.14
2024-02-24,Electronics,1,5,1297.85,550.65
2024-02-24,Grocery,2,7,1502.81,705.4
2024-02-24,Home,5,10,2812.26,536.62
2024-02-24,Sports,2,3,1376.18,662.4499999999999
2024-02-25,Apparel,4,7,2506.58,912.5100000000001
2024-02-25,Electronics,3,10,3774.9900000000002,1729.42
2024-02-25,Grocery,3,5,475.11,165.93
2024-02-25,Home,2,4,273.62,135.39
2024-02-25,Sports,5,13,6734.86,2854.94
2024-02-26,Apparel,2,4,2113.06,776.5699999999999
2024-02-26,Electronics,1,4,1080.68,569.72
2024-02-26,Grocery,6,17,6689.14,2905.75
2024-02-26,Home,5,9,3872.66,1854.98
2024-02-27,Apparel,2,7,728.9399999999999,297.54
2024-02-27,Electronics,2,5,659.86,209.95999999999998
2024-02-27,Grocery,3,12,3827.86,1565.98
2024-02-27,Home,3,5,1098.89,305.54
2024-02-27,Sports,3,9,3868.83,1226.03
2024-02-28,Apparel,3,12,3580.1000000000004,970.7800000000001
2024-02-28,Electronics,2,8,1624.87,808.39
2024-02-28,Grocery,2,9,3117.6600000000003,1433.4699999999998
2024-02-28,Home,3,12,2629.92,665.33
2024-02-28,Sports,5,16,7829.01,3247.83
2024-02-29,Apparel,4,16,6315.9,2778.29
2024-02-29,Electronics,1,2,1153.18,388.5
2024-02-29,Grocery,2,7,3585.4900000000002,1528.27
2024-02-29,Home,2,5,1987.51,595.68
2024-02-29,Sports,2,10,5772.1,2325.45
2024-03-01,Apparel,1,3,368.4,88.2
2024-03-01,Electronics,3,12,4049.55,1882.02
2024-03-01,Grocery,5,15,6384.49,2547.54
2024-03-01,Home,1,2,825.66,437.74
2024-03-01,Sports,2,2,857.8199999999999,369.88
2024-03-02,Apparel,3,10,1780.75,758.66
2024-03-02,Electronics,1,3,1579.18,861.52
2024-03-02,Grocery,2,6,1844.03,681.59
2024-03-02,Sports,2,7,3174.84,1685.0700000000002
2024-03-03,Apparel,3,12,1588.5700000000002,628.85
2024-03-03,Grocery,8,20,7617.12,3282.39
2024-03-03,Sports,1,3,912.81,291.84
2024-03-04,Apparel,3,10,1549.6999999999998,587.03
2024-03-04,Electronics,2,4,760.83,362.21000000000004
2024-03-04,Grocery,1,5,1331.5,703.95
2024-03-04,Home,6,17,4965.629999999999,2079.08
2024-03-05,Apparel,1,3,981.84,532.95
2024-03-05,Electronics,1,2,469.22,161.92
2024-03-05,Grocery,1,2,1243.64,615.66
2024-03-05,Home,4,17,4719.79,1504.47
2024-03-06,Apparel,2,10,5330.35,2245.8
2024-03-06,Electronics,4,14,7485.07,3825.71
2024-03-06,Home,2,6,1686.51,838.31
2024-03-06,Sports,3,10,3582.38,1498.15
2024-03-07,Apparel,5,15,4578.68,1347.23
2024-03-07,Electronics,3,9,3170.9900000000002,1312.33
2024-03-07,Grocery,3,4,1389.78,666.49
2024-03-07,Home,4,10,3470.5199999999995,1456.78
2024-03-07,Sports,1,2,608.54,194.56
2024-03-08,Apparel,4,12,4697.9400000000005,1922.0100000000002
2024-03-08,Grocery,1,1,590.73,276.74
2024-03-08,Home,2,5,2471.34,1027.6599999999999
2024-03-09,Apparel,2,8,1727.2800000000002,919.52
2024-03-09,Electronics,5,18,3935.66,1647.87
2024-03-09,Grocery,4,11,2024.53,937.94
2024-03-09,Home,2,5,254.46,34.96
2024-03-10,Apparel,1,4,1644.28,755.0
2024-03-10,Electronics,5,12,5189.8,2329.24
2024-03-10,Grocery,4,15,5506.68,2604.05
2024-03-10,Home,2,6,1923.2,754.0799999999999
2024-03-11,Apparel,4,12,4900.97,2047.29
2024-03-11,Electronics,2,5,1901.64,277.12
2024-03-11,Grocery,2,7,1740.4900000000002,885.31
2024-03-11,Home,1,1,487.35,199.0
2024-03-11,Sports,3,5,1784.79,457.74
2024-03-12,Apparel,2,6,1408.27,667.99
2024-03-12,Electronics,3,8,4646.67,1884.6399999999999
2024-03-12,Grocery,2,6,1609.51,582.49
2024-03-12,Home,5,17,6092.92,1785.2
2024-03-12,Sports,3,9,5740.719999999999,2712.33
2024-03-13,Apparel,3,13,1878.19,853.0500000000001
2024-03-13,Electronics,3,10,3091.32,898.85
2024-03-13,Grocery,5,13,5049.32,2017.05
2024-03-13,Home,2,8,1895.0800000000002,853.1600000000001
2024-03-13,Sports,2,8,1930.1200000000001,883.52
2024-03-14,Apparel,2,8,1383.69,525.79
2024-03-14,Electronics,2,6,851.6800000000001,297.74
2024-03-14,Grocery,2,4,1286.24,342.72
2024-03-14,Home,7,14,5278.389999999999,2212.23
2024-03-14,Sports,2,6,3350.02,1526.74
2024-03-15,Apparel,1,2,155.36,79.68
2024-03-15,Electronics,5,18,5417.27,2321.63
2024-03-15,Grocery,3,7,3119.19,1360.73
2024-03-15,Home,8,16,3035.1600000000003,847.79
2024-03-15,Sports,2,6,3613.77,1657.01
2024-03-16,Apparel,5,16,4182.18,1174.95
2024-03-16,Home,2,5,589.41,86.05
2024-03-16,Sports,4,9,5230.82,2267.68
2024-03-17,Apparel,7,19,4164.15,1684.76
2024-03-17,Electronics,5,13,1445.3500000000001,489.40999999999997
2024-03-17,Grocery,6,26,9451.07,3382.01
2024-03-17,Home,4,10,1373.66,511.57
2024-03-17,Sports,6,22,10448.89,3668.74
2024-03-18,Apparel,1,1,143.96,35.7
2024-03-18,Electronics,4,9,3349.28,1201.37
2024-03-18,Grocery,2,5,1162.3400000000001,314.42999999999995
2024-03-18,Home,2,2,141.84,71.16
2024-03-18,Sports,1,5,2020.24,226.89
2024-03-19,Apparel,2,6,2550.48,970.93
2024-03-19,Electronics,3,9,5609.57,2406.94
2024-03-19,Grocery,2,7,2861.05,1074.0900000000001
2024-03-19,Home,5,18,3457.1600000000003,958.34
2024-03-19,Sports,2,7,3276.3999999999996,1717.17
2024-03-20,Apparel,3,6,831.29,384.49
2024-03-20,Electronics,3,12,2015.8,823.83
2024-03-20,Grocery,3,6,2066.08,1041.38
2024-03-20,Home,1,4,191.4,43.88
2024-03-20,Sports,5,14,7438.9400000000005,3351.08
2024-03-21,Apparel,3,11,5785.29,2885.69
2024-03-21,Electronics,2,5,864.29,323.84000000000003
2024-03-21,Grocery,4,11,3242.0299999999997,1358.04
2024-03-21,Sports,3,11,7356.18,3109.6099999999997
2024-03-22,Apparel,2,6,2121.77,876.86
2024-03-22,Electronics,4,12,3196.71,841.11
2024-03-22,Grocery,4,7,1968.86,554.21
2024-03-22,Home,4,10,2846.3999999999996,1044.11
2024-03-22,Sports,2,6,2096.7400000000002,807.52
2024-03-23,Apparel,4,15,3721.3900000000003,1500.09
2024-03-23,Electronics,7,26,10486.18,4197.04
2024-03-23,Grocery,2,7,2056.84,1117.5
2024-03-23,Home,4,16,4290.15,1398.06
2024-03-23,Sports,1,5,1636.25,333.05
2024-03-24,Apparel,3,11,5288.27,2780.23
2024-03-24,Grocery,5,16,4932.13,1847.1100000000001
2024-03-24,Home,1,1,54.14,10.24
2024-03-24,Sports,1,1,304.27,97.28
2024-03-25,Apparel,6,11,1643.93,608.94
2024-03-25,Electronics,3,11,3090.2599999999998,1270.31
2024-03-25,Grocery,2,8,5826.88,2762.52
2024-03-25,Home,3,9,2315.1499999999996,762.76
2024-03-25,Sports,3,11,5835.700000000001,1981.67
2024-03-26,Apparel,2,10,4817.0,1858.55
2024-03-26,Electronics,4,14,5070.98,2434.0
2024-03-26,Grocery,2,6,1343.8200000000002,658.72
2024-03-26,Home,2,6,2110.48,727.96
2024-03-26,Sports,2,8,3288.96,1416.52
2024-03-27,Apparel,3,9,2177.22,649.47
2024-03-27,Electronics,2,6,922.54,243.85
2024-03-27,Grocery,2,7,1000.24,418.55
2024-03-27,Home,3,9,2894.83,1070.3799999999999
2024-03-27,Sports,5,13,4153.04,1323.45
2024-03-28,Apparel,2,10,2504.4,968.45
2024-03-28,Electronics,4,13,2986.69,881.12
2024-03-28,Grocery,2,7,3338.47,1648.7399999999998
2024-03-28,Home,2,10,2448.91,590.61
2024-03-28,Sports,1,4,2266.21,877.17
2024-03-29,Apparel,3,5,3037.1099999999997,1528.74
2024-03-29,Electronics,2,4,1785.02,891.02
2024-03-29,Grocery,3,12,2029.79,537.47
2024-03-29,Home,3,7,4192.48,2161.87
2024-03-29,Sports,2,5,2912.52,1156.91
2024-03-30,Apparel,2,8,755.31,230.35
2024-03-30,Electronics,4,16,3972.3100000000004,1161.3899999999999
2024-03-30,Grocery,2,6,2705.7799999999997,1419.88
2024-03-30,Home,2,9,2790.96,767.61
2024-03-31,Apparel,1,5,1750.72,270.12
2024-03-31,Electronics,2,6,2192.12,1179.62
2024-03-31,Grocery,5,21,7231.780000000001,3038.55
2024-03-31,Home,2,3,719.4399999999999,136.42000000000002
2024-03-31,Sports,3,8,3469.72,1058.27
2024-04-01,Apparel,1,2,654.56,355.3
2024-04-01,Grocery,3,10,3499.29,946.83
2024-04-01,Home,4,15,5214.5599999999995,1643.54
2024-04-01,Sports,3,8,1896.93,840.1899999999999
2024-04-02,Apparel,3,11,3806.2200000000003,1463.35
2024-04-02,Electronics,3,5,1094.26,454.66999999999996
2024-04-02,Grocery,4,11,5170.370000000001,2370.09
2024-04-02,Home,1,1,487.35,199.0
2024-04-02,Sports,2,3,1193.44,348.18999999999994
2024-04-03,Apparel,1,4,104.08,59.76
2024-04-03,Electronics,3,7,5169.39,2752.2999999999997
2024-04-03,Home,1,5,203.36,18.96
2024-04-03,Sports,2,8,3103.05,1055.8400000000001
2024-04-04,Apparel,2,6,2207.4700000000003,560.56
2024-04-04,Electronics,2,6,1926.5099999999998,426.23
2024-04-04,Grocery,3,10,3665.86,1718.19
2024-04-04,Home,1,4,1004.68,261.36
2024-04-04,Sports,2,5,1855.85,600.4300000000001
2024-04-05,Apparel,3,4,941.87,259.08000000000004
2024-04-05,Electronics,1,1,201.33,33.84
2024-04-05,Grocery,1,4,245.68,105.96
2024-04-05,Home,2,10,1696.57,27.72
2024-04-05,Sports,4,9,5189.78,2420.77
2024-04-06,Apparel,6,14,5614.42,1553.0900000000001
2024-04-06,Electronics,3,10,5882.530000000001,2513.42
2024-04-06,Grocery,2,3,1508.76,660.77
2024-04-06,Home,3,9,3233.0899999999997,1416.8400000000001
2024-04-06,Sports,4,8,3862.36,2005.28
2024-04-07,Apparel,1,4,134.64,55.16
2024-04-07,Electronics,2,6,2337.62,750.68
2024-04-07,Grocery,4,11,5342.5,2510.6400000000003
2024-04-07,Home,4,16,5721.25,1112.41
2024-04-07,Sports,4,8,3556.18,1249.71
2024-04-08,Apparel,1,4,2878.08,1506.36
2024-04-08,Electronics,3,4,967.61,221.6
2024-04-08,Grocery,5,16,3806.75,1743.83
2024-04-08,Home,5,14,4785.58,1912.9499999999998
2024-04-08,Sports,4,8,2131.69,697.5
2024-04-09,Apparel,2,8,3628.56,1550.54
2024-04-09,Electronics,2,6,867.61,295.59
2024-04-09,Grocery,4,10,2451.74,1166.48
2024-04-09,Home,2,10,1960.65,417.7
2024-04-09,Sports,1,1,327.25,66.61
2024-04-10,Apparel,3,5,855.55,326.45
2024-04-10,Electronics,1,1,406.78,193.53
2024-04-10,Grocery,5,19,3862.0299999999997,1193.0900000000001
2024-04-10,Home,2,8,576.87,200.31
2024-04-10,Sports,5,16,7658.65,3780.3999999999996
2024-04-11,Apparel,3,12,2569.59,927.66
2024-04-11,Electronics,1,1,201.33,33.84
2024-04-11,Grocery,1,3,741.3,421.92
2024-04-11,Home,1,1,118.36,67.11
2024-04-11,Sports,5,21,9181.4,4069.39
2024-04-12,Apparel,6,21,9122.24,3833.99
2024-04-12,Electronics,4,13,4771.41,2140.48
2024-04-12,Grocery,1,4,222.38,45.78
2024-04-12,Sports,2,6,2520.88,855.49
2024-04-13,Apparel,1,3,304.77,72.54
2024-04-13,Electronics,1,2,161.34,24.42
2024-04-13,Grocery,1,5,115.7,62.7
2024-04-13,Home,2,8,2052.59,280.81
2024-04-13,Sports,2,3,1608.51,633.51
2024-04-14,Apparel,2,2,1057.33,444.63
2024-04-14,Electronics,1,5,403.35,61.05
2024-04-14,Grocery,2,6,1383.8400000000001,328.98
2024-04-14,Home,4,11,2368.98,1034.1399999999999
2024-04-14,Sports,2,5,2404.88,634.35
2024-04-15,Apparel,5,21,6228.0,2417.3199999999997
2024-04-15,Electronics,4,17,4352.43,1727.44
2024-04-15,Grocery,5,14,4781.2300000000005,2160.67
2024-04-15,Sports,3,9,3341.75,1027.97
2024-04-16,Electronics,3,4,1161.55,514.39
2024-04-16,Grocery,2,9,3543.82,1486.52
2024-04-16,Home,2,3,860.52,413.08
2024-04-16,Sports,3,9,3373.14,1735.03
2024-04-17,Apparel,1,4,134.64,55.16
2024-04-17,Electronics,7,19,7502.24,2865.59
2024-04-17,Home,1,2,675.28,256.82
2024-04-17,Sports,2,4,962.8000000000001,470.24
2024-04-18,Apparel,2,4,1620.52,609.12
2024-04-18,Electronics,1,4,1144.36,254.32
2024-04-18,Grocery,2,9,1689.23,879.9200000000001
2024-04-18,Home,2,5,2223.7000000000003,878.97
2024-04-18,Sports,2,6,3665.88,1568.7
2024-04-19,Apparel,5,15,3294.9,800.97
2024-04-19,Electronics,3,12,1011.76,442.52
2024-04-19,Grocery,2,3,369.2,93.72
2024-04-19,Home,5,13,2773.16,1097.6100000000001
2024-04-19,Sports,1,1,500.69,134.12
2024-04-20,Apparel,2,7,2283.99,586.87
2024-04-20,Electronics,4,8,2732.26,901.94
2024-04-20,Grocery,4,11,5717.84,2236.5
2024-04-20,Home,4,10,3171.1,766.63
2024-04-20,Sports,1,1,596.37,249.11
2024-04-21,Apparel,2,2,963.79,388.8
2024-04-21,Electronics,6,21,4729.57,2006.23
2024-04-21,Grocery,2,4,1072.62,420.2
2024-04-21,Home,2,9,1291.55,235.3
2024-04-21,Sports,2,8,394.12,121.85000000000001
2024-04-22,Apparel,3,8,3273.46,1279.0900000000001
2024-04-22,Grocery,2,6,1576.06,788.27
2024-04-22,Home,1,5,239.25,54.85
2024-04-22,Sports,4,13,6269.82,2609.52
2024-04-23,Apparel,2,6,2158.85,399.73
2024-04-23,Electronics,6,16,3683.41,1412.64
2024-04-23,Grocery,4,16,2478.0299999999997,793.1300000000001
2024-04-23,Home,4,11,3888.61,1675.92
2024-04-24,Apparel,3,13,5159.9,2161.2200000000003
2024-04-24,Electronics,6,23,10286.12,4646.44
2024-04-24,Grocery,5,16,5419.17,2531.29
2024-04-24,Home,2,6,740.0,209.82
2024-04-24,Sports,6,18,7547.4,3104.53
2024-04-25,Apparel,4,10,1320.83,500.52
2024-04-25,Electronics,2,5,2290.77,643.13
2024-04-25,Grocery,4,14,3415.94,1505.1599999999999
2024-04-25,Home,4,14,5022.33,2055.38
2024-04-25,Sports,1,1,694.62,324.42
2024-04-26,Apparel,4,11,3167.7400000000002,1357.8000000000002
2024-04-26,Electronics,2,4,2529.09,1323.75
2024-04-26,Grocery,2,7,3535.18,1714.21
2024-04-26,Home,5,16,3848.76,1163.6
2024-04-26,Sports,5,13,3847.08,1369.83
2024-04-27,Apparel,2,7,1712.8899999999999,710.09
2024-04-27,Electronics,4,11,2878.55,1095.1299999999999
2024-04-27,Grocery,5,16,5171.01,2475.94
2024-04-27,Home,2,4,1382.98,421.1
2024-04-27,Sports,4,9,4673.96,1997.57
2024-04-28,Apparel,4,12,4976.68,1667.95
2024-04-28,Electronics,2,8,3164.84,1593.12
2024-04-28,Grocery,4,10,5519.639999999999,2353.38
2024-04-28,Home,1,2,974.7,398.0
2024-04-28,Sports,7,19,10249.93,4071.8999999999996
2024-04-29,Apparel,2,7,1537.27,560.67
2024-04-29,Electronics,1,4,1211.4,281.28
2024-04-29,Grocery,7,21,4926.639999999999,2222.64
2024-04-29,Home,2,7,3587.14,1617.53
2024-04-29,Sports,2,4,1196.29,315.75
2024-04-30,Apparel,5,12,2615.7200000000003,987.1800000000001
2024-04-30,Electronics,1,3,2469.96,1306.77
2024-04-30,Grocery,2,4,1863.69,1024.15
2024-04-30,Home,2,9,3052.19,1571.54
2024-04-30,Sports,3,11,2876.92,1068.4099999999999
2024-05-01,Apparel,4,13,1180.06,437.64000000000004
2024-05-01,Electronics,3,11,2030.7400000000002,619.46
2024-05-01,Grocery,2,7,2465.26,941.58
2024-05-01,Home,2,6,2098.3,685.62
2024-05-01,Sports,1,5,3013.9,1078.55
2024-05-02,Apparel,6,11,4930.03,1947.96
2024-05-02,Electronics,1,1,379.85,150.3
2024-05-02,Grocery,2,9,655.85,244.78
2024-05-02,Home,4,14,4706.85,1681.98
2024-05-03,Apparel,1,4,417.52,43.92
2024-05-03,Electronics,4,12,5728.92,2730.93
2024-05-03,Grocery,2,7,1601.03,618.66
2024-05-03,Home,1,5,270.7,51.2
2024-05-03,Sports,1,4,1217.08,389.12
2024-05-04,Apparel,1,3,508.11,183.33
2024-05-04,Electronics,3,8,4521.13,2271.12
2024-05-04,Grocery,1,1,621.82,307.83
2024-05-04,Sports,3,10,2407.0,1175.6
2024-05-05,Apparel,8,31,9465.09,4474.19
2024-05-05,Electronics,2,6,1993.58,1009.86
2024-05-05,Grocery,1,1,269.98,68.56
2024-05-05,Home,2,5,1775.4900000000002,666.86
2024-05-05,Sports,1,5,2078.85,676.45
2024-05-06,Apparel,1,2,874.16,134.02
2024-05-06,Electronics,3,13,3307.36,1817.1399999999999
2024-05-06,Grocery,1,4,1703.41,696.73
2024-05-06,Home,2,5,1123.04,328.47
2024-05-06,Sports,7,23,8124.0199999999995,3599.16
2024-05-07,Apparel,6,14,6088.82,3139.2799999999997
2024-05-07,Electronics,3,9,3460.3300000000004,1709.88
2024-05-07,Grocery,4,10,2098.64,878.86
2024-05-07,Home,3,10,1991.9699999999998,504.45
2024-05-07,Sports,3,5,2699.4,878.72
2024-05-08,Apparel,2,7,3687.25,1431.15
2024-05-08,Electronics,1,2,1029.06,495.84
2024-05-08,Grocery,1,1,94.47,46.89
2024-05-08,Home,1,2,467.72,234.22
2024-05-08,Sports,3,9,2750.85,1082.35
2024-05-09,Apparel,7,20,7715.37,2504.17
2024-05-09,Electronics,3,9,1528.99,685.99
2024-05-09,Grocery,1,4,1271.84,317.52
2024-05-09,Home,1,4,1421.64,584.72
2024-05-09,Sports,2,7,4295.95,1990.6399999999999
2024-05-10,Electronics,3,14,5161.54,2331.58
2024-05-10,Grocery,2,6,2229.54,837.6
2024-05-10,Home,2,3,637.6,194.88
2024-05-11,Apparel,4,14,3051.21,1192.72
2024-05-11,Electronics,3,5,2124.15,745.7
2024-05-11,Grocery,3,8,2681.37,742.72
2024-05-11,Home,4,12,2292.49,1164.13
2024-05-11,Sports,3,7,3954.92,1789.27
2024-05-12,Apparel,2,10,4444.45,2188.5
2024-05-12,Electronics,3,11,3051.4,1410.73
2024-05-12,Grocery,4,11,1310.98,548.03
2024-05-12,Home,2,9,3372.19,1463.44
2024-05-12,Sports,4,18,6605.76,2767.63
2024-05-13,Apparel,3,7,2926.24,1389.53
2024-05-13,Electronics,1,2,402.66,67.68
2024-05-13,Grocery,3,9,5764.76,2744.7200000000003
2024-05-13,Home,4,15,3973.77,1283.86
2024-05-13,Sports,3,10,4228.66,1885.21
2024-05-14,Apparel,2,5,1749.94,668.7099999999999
2024-05-14,Electronics,1,2,186.1,-4.12
2024-05-14,Grocery,2,5,2898.4900000000002,1012.25
2024-05-14,Home,2,5,1149.27,361.90000000000003
2024-05-14,Sports,1,3,883.57,101.65
2024-05-15,Apparel,4,10,4672.24,2102.57
2024-05-15,Electronics,3,11,5724.31,2584.02
2024-05-15,Grocery,4,10,5197.860000000001,2735.21
2024-05-15,Home,4,13,2474.79,1244.71
2024-05-15,Sports,1,1,643.15,285.56
2024-05-16,Apparel,4,15,7620.79,2968.35
2024-05-16,Electronics,4,10,2533.19,1070.88
2024-05-16,Grocery,3,8,821.4300000000001,241.0
2024-05-16,Home,1,5,2502.75,884.35
2024-05-16,Sports,2,3,1668.0900000000001,614.9000000000001
2024-05-17,Apparel,3,9,2213.94,900.54
2024-05-17,Electronics,4,8,2786.2,1014.91
2024-05-17,Grocery,2,7,3374.52,1147.79
2024-05-17,Home,3,9,2149.27,572.54
2024-05-17,Sports,2,7,1947.33,498.4
2024-05-18,Apparel,2,7,2063.17,854.2800000000001
2024-05-18,Electronics,3,13,4793.72,1914.8
2024-05-18,Grocery,1,3,1865.46,923.49
2024-05-18,Home,2,6,1242.48,180.66
2024-05-18,Sports,5,14,7180.639999999999,2174.72
2024-05-19,Apparel,1,1,139.31,65.96
2024-05-19,Electronics,5,20,7570.6900000000005,3675.61
2024-05-19,Grocery,3,11,3106.44,954.3399999999999
2024-05-19,Home,2,4,1687.92,569.3
2024-05-19,Sports,2,8,3604.06,1134.49
2024-05-20,Apparel,3,11,4910.6900000000005,2371.2
2024-05-20,Electronics,2,5,1475.51,479.03999999999996
2024-05-20,Grocery,4,13,6878.62,3546.02
2024-05-20,Home,1,2,707.7,164.28
2024-05-20,Sports,1,5,1632.65,466.25
2024-05-21,Apparel,3,12,5338.83,1774.2600000000002
2024-05-21,Electronics,2,6,1213.52,263.46
2024-05-21,Grocery,2,8,3580.16,1100.8400000000001
2024-05-21,Home,3,10,691.78,265.83000000000004
2024-05-21,Sports,2,7,1695.42,462.34000000000003
2024-05-22,Apparel,2,9,4823.33,1971.0099999999998
2024-05-22,Electronics,3,7,2875.27,1161.25
2024-05-22,Grocery,3,9,2665.68,1221.0
2024-05-22,Home,2,3,639.63,232.24
2024-05-22,Sports,1,3,2025.81,1025.58
2024-05-23,Electronics,3,6,2001.85,887.8100000000001
2024-05-23,Grocery,2,3,1078.38,602.66
2024-05-23,Home,5,17,5977.23,2406.22
2024-05-23,Sports,3,13,4544.49,1614.83
2024-05-24,Apparel,7,20,6486.78,2554.49
2024-05-24,Grocery,2,8,4027.54,1610.7800000000002
2024-05-24,Home,1,4,560.8,119.4
2024-05-24,Sports,1,1,351.82,162.32
2024-05-25,Apparel,3,8,3558.3199999999997,1457.5
2024-05-25,Electronics,3,10,4631.210000000001,2150.26
2024-05-25,Grocery,3,10,3315.85,1655.85
2024-05-25,Home,7,25,10177.98,3630.48
2024-05-25,Sports,2,5,2543.89,988.0799999999999
2024-05-26,Apparel,4,16,4522.79,1650.24
2024-05-26,Electronics,2,6,1154.2199999999998,306.64
2024-05-26,Grocery,3,6,2488.46,977.8
2024-05-26,Home,3,9,4257.25,1946.98
2024-05-26,Sports,1,4,2108.16,641.88
2024-05-27,Apparel,4,9,4903.5599999999995,1890.95
2024-05-27,Electronics,1,5,681.85,385.55
2024-05-27,Grocery,1,1,61.42,26.49
2024-05-27,Home,3,11,3871.71,1763.0700000000002
2024-05-27,Sports,7,22,9758.55,4008.16
2024-05-28,Apparel,5,15,5417.79,2078.87
2024-05-28,Electronics,4,12,6401.12,3009.72
2024-05-28,Grocery,3,9,3614.2400000000002,1563.9
2024-05-28,Home,1,3,1066.23,438.54
2024-05-28,Sports,3,10,4987.04,1987.45
2024-05-29,Apparel,2,6,2558.58,572.6
2024-05-29,Electronics,3,10,2318.15,790.0699999999999
2024-05-29,Grocery,1,5,307.1,132.45
2024-05-29,Home,2,5,1549.11,541.34
2024-05-29,Sports,1,2,919.6,281.34
2024-05-30,Apparel,1,1,661.33,313.97
2024-05-30,Electronics,2,8,2711.92,1408.44
2024-05-30,Grocery,1,1,247.1,140.64
2024-05-30,Home,2,3,363.45,84.32
2024-05-30,Sports,4,7,2388.5699999999997,944.77
2024-05-31,Apparel,4,14,3109.5,1350.28
2024-05-31,Electronics,1,3,810.51,427.29
2024-05-31,Grocery,4,13,4776.38,1876.02
2024-05-31,Home,1,3,1501.65,530.61
2024-05-31,Sports,2,10,4130.78,1350.43
2024-06-01,Apparel,2,4,2184.58,1144.71
2024-06-01,Electronics,2,4,775.96,192.36
2024-06-01,Grocery,3,6,1081.46,270.43
2024-06-01,Sports,4,12,3946.54,1519.17
2024-06-02,Apparel,2,6,2721.58,988.38
2024-06-02,Electronics,1,5,345.95,49.6
2024-06-02,Grocery,3,11,3048.74,1218.54
2024-06-02,Home,2,4,1735.5100000000002,647.72
2024-06-02,Sports,3,10,3679.21,953.8699999999999
2024-06-03,Apparel,1,4,1295.17,216.97
2024-06-03,Electronics,1,5,345.95,49.6
2024-06-03,Grocery,4,15,3825.46,1524.98
2024-06-03,Sports,4,13,5586.12,2208.98
2024-06-04,Electronics,4,17,3076.31,673.24
2024-06-04,Grocery,5,12,4865.78,2193.35
2024-06-04,Home,3,10,2652.11,753.6500000000001
2024-06-04,Sports,1,3,360.5,112.88
2024-06-05,Apparel,1,5,2055.35,943.75
2024-06-05,Electronics,2,3,1079.79,587.9300000000001
2024-06-05,Grocery,4,12,5744.74,2852.64
2024-06-05,Home,3,11,3133.59,763.22
2024-06-06,Apparel,1,3,518.76,176.79
2024-06-06,Grocery,4,15,3186.13,1537.65
2024-06-06,Home,2,2,766.5999999999999,385.40000000000003
2024-06-06,Sports,3,9,4141.5,1693.68
2024-06-07,Apparel,7,13,4015.73,1384.76
2024-06-07,Electronics,4,8,2715.4700000000003,1342.36
2024-06-07,Grocery,6,20,6860.74,3131.51
2024-06-07,Home,4,10,4133.53,1578.08
2024-06-07,Sports,2,10,3269.58,1411.68
2024-06-08,Apparel,3,10,4057.69,1717.18
2024-06-08,Electronics,4,8,2132.75,997.03
2024-06-08,Grocery,3,9,1494.9,634.68
2024-06-08,Home,6,19,9355.48,4222.11
2024-06-08,Sports,7,22,11303.23,3917.01
2024-06-09,Apparel,5,14,5838.91,1953.3500000000001
2024-06-09,Electronics,1,2,62.28,28.5
2024-06-09,Grocery,4,14,2554.94,1035.16
2024-06-09,Home,1,5,1777.05,730.9
2024-06-10,Apparel,3,6,2552.4,965.85
2024-06-10,Electronics,2,9,4063.7700000000004,1663.06
2024-06-10,Grocery,3,6,2653.17,1040.86
2024-06-10,Home,3,12,2981.87,657.22
2024-06-10,Sports,2,4,1934.83,691.08
2024-06-11,Apparel,2,5,2063.15,764.4300000000001
2024-06-11,Electronics,3,13,4420.68,879.81
2024-06-11,Grocery,2,5,1945.7199999999998,475.58000000000004
2024-06-11,Home,1,1,274.3,82.97
2024-06-11,Sports,3,9,3633.08,1059.54
2024-06-12,Apparel,1,4,310.72,159.36
2024-06-12,Electronics,3,11,3316.07,1490.58
2024-06-12,Grocery,1,2,198.74,107.86
2024-06-12,Home,7,21,4958.4,1588.09
2024-06-12,Sports,3,11,3795.08,1584.9
2024-06-13,Apparel,5,12,5044.57,1919.0100000000002
2024-06-13,Electronics,3,11,4798.78,2104.62
2024-06-13,Grocery,1,4,1079.92,274.24
2024-06-13,Home,3,13,6250.58,3412.17
2024-06-14,Electronics,5,15,5407.2300000000005,2682.85
2024-06-14,Grocery,3,12,5311.23,2305.23
2024-06-14,Home,4,10,679.65,163.78
2024-06-14,Sports,8,30,12376.619999999999,4840.71
2024-06-15,Apparel,1,3,1580.25,613.35
2024-06-15,Electronics,1,4,1144.36,254.32
2024-06-15,Grocery,3,8,735.62,252.52999999999997
2024-06-15,Home,1,2,1797.96,1004.02
2024-06-15,Sports,1,3,2083.86,973.26
2024-06-16,Apparel,2,10,2847.4500000000003,1221.65
2024-06-16,Electronics,2,8,3593.76,1437.76
2024-06-16,Grocery,2,3,1181.28,442.68
2024-06-16,Home,3,8,2870.7599999999998,1402.3600000000001
2024-06-16,Sports,5,16,7332.34,2770.35
2024-06-17,Apparel,6,15,3730.43,1480.46
2024-06-17,Electronics,2,8,3201.5699999999997,1011.67
2024-06-17,Home,3,6,2725.7,1094.44
2024-06-17,Sports,4,10,3453.6699999999996,1222.3799999999999
2024-06-18,Apparel,3,10,3949.73,1135.94
2024-06-18,Electronics,2,6,4444.95,2315.64
2024-06-18,Grocery,2,4,836.93,404.53000000000003
2024-06-18,Home,8,24,5193.82,1779.44
2024-06-18,Sports,2,5,2456.69,657.22
2024-06-19,Apparel,3,13,6675.49,2447.01
2024-06-19,Electronics,3,9,3547.9799999999996,1211.45
2024-06-19,Grocery,1,4,2236.43,791.47
2024-06-19,Home,3,13,4237.08,2134.95
2024-06-19,Sports,2,6,2770.8599999999997,947.1600000000001
2024-06-20,Apparel,1,4,2335.86,1140.22
2024-06-20,Electronics,3,7,3612.0200000000004,1877.8799999999999
2024-06-20,Grocery,2,5,1556.22,411.28000000000003
2024-06-20,Home,4,12,4097.68,1242.71
2024-06-20,Sports,2,7,1793.93,326.28
2024-06-21,Electronics,2,4,735.37,236.79
2024-06-21,Grocery,10,21,9303.54,4069.3900000000003
2024-06-21,Home,5,14,2853.2,1242.81
2024-06-21,Sports,4,11,5890.74,2377.12
2024-06-22,Apparel,3,13,5351.96,1974.25
2024-06-22,Electronics,1,4,322.68,48.84
2024-06-22,Grocery,4,7,3619.6400000000003,1835.85
2024-06-22,Home,3,9,3925.59,1975.29
2024-06-22,Sports,5,16,7308.5599999999995,2621.02
2024-06-23,Apparel,3,8,1451.84,537.9
2024-06-23,Electronics,2,9,1072.48,359.89
2024-06-23,Grocery,6,17,3370.8599999999997,1147.09
2024-06-23,Home,4,11,5457.11,2415.9199999999996
2024-06-23,Sports,3,10,5657.27,2382.57
2024-06-24,Apparel,2,2,501.58000000000004,54.099999999999994
2024-06-24,Electronics,3,7,3968.6600000000003,1721.6399999999999
2024-06-24,Grocery,2,3,1071.28,477.11
2024-06-24,Home,4,12,4827.71,2075.09
2024-06-24,Sports,1,4,2315.34,884.98
2024-06-25,Apparel,1,2,278.62,131.92
2024-06-25,Electronics,2,9,5062.51,2304.2799999999997
2024-06-25,Grocery,2,8,611.28,281.24
2024-06-25,Home,3,5,935.0,269.65
2024-06-25,Sports,3,9,2771.31,736.5799999999999
2024-06-26,Apparel,4,12,3872.6499999999996,1487.02
2024-06-26,Electronics,4,14,4986.44,2500.4700000000003
2024-06-26,Grocery,5,16,3282.5899999999997,1150.54
2024-06-26,Sports,5,16,6190.95,1983.1699999999998
2024-06-27,Apparel,2,5,1554.13,579.06
2024-06-27,Electronics,1,3,778.71,330.39
2024-06-27,Grocery,4,15,3474.5499999999997,1805.5
2024-06-27,Home,4,10,3489.98,1476.26
2024-06-27,Sports,4,10,3443.59,1100.07
2024-06-28,Apparel,2,8,3746.26,1513.64
2024-06-28,Electronics,5,15,7253.26,3949.3199999999997
2024-06-28,Grocery,2,6,1223.46,647.01
2024-06-28,Sports,4,11,4801.93,1772.04
2024-06-29,Apparel,2,6,1686.28,568.34
2024-06-29,Electronics,1,1,576.59,194.25
2024-06-29,Grocery,7,16,5478.8,2614.86
2024-06-29,Home,4,14,5170.02,1925.49
2024-06-29,Sports,2,4,1935.28,831.96
2024-06-30,Apparel,1,5,614.0,147.0
2024-06-30,Electronics,3,14,3095.2799999999997,949.1700000000001
2024-06-30,Grocery,1,5,1432.16,574.66
2024-06-30,Home,2,4,1830.55,651.16
2024-06-30,Sports,3,9,2939.64,1605.55
2024-07-01,Apparel,1,1,139.31,65.96
2024-07-01,Electronics,4,15,5711.06,2809.66
2024-07-01,Grocery,2,2,930.04,345.27
2024-07-01,Home,1,4,1651.32,875.48
2024-07-01,Sports,5,15,5930.84,2070.08
2024-07-02,Apparel,4,8,2296.83,802.29
2024-07-02,Electronics,1,4,1144.36,254.32
2024-07-02,Grocery,1,5,3106.15,1299.95
2024-07-02,Home,3,9,4115.31,1254.16
2024-07-02,Sports,3,9,3601.65,1548.4499999999998
2024-07-03,Apparel,3,11,2757.52,808.22
2024-07-03,Grocery,4,9,2676.65,1137.12
2024-07-03,Home,2,4,942.0699999999999,257.73
2024-07-03,Sports,4,9,3310.0200000000004,1129.47
2024-07-04,Apparel,1,4,691.68,235.72
2024-07-04,Electronics,2,7,3602.1099999999997,1782.99
2024-07-04,Grocery,4,13,2119.19,1077.59
2024-07-04,Home,7,23,5252.32,1492.36
2024-07-04,Sports,3,8,4214.82,1878.98
2024-07-05,Apparel,2,9,4790.67,2074.53
2024-07-05,Electronics,4,11,3973.19,1136.43
2024-07-05,Grocery,1,1,321.56,85.68
2024-07-05,Home,3,9,4072.28,1053.3700000000001
2024-07-05,Sports,4,15,8151.15,3501.12
2024-07-06,Apparel,3,8,2046.6599999999999,629.46
2024-07-06,Electronics,5,14,6051.31,2408.18
2024-07-06,Grocery,1,2,494.2,281.28
2024-07-06,Home,3,7,2755.68,1094.01
2024-07-06,Sports,2,6,2658.02,990.1099999999999
2024-07-07,Apparel,1,2,245.6,58.8
2024-07-07,Electronics,1,5,2531.26,998.91
2024-07-07,Grocery,2,7,2019.92,595.6800000000001
2024-07-07,Home,3,7,706.81,251.53
2024-07-07,Sports,2,7,2311.66,989.93
2024-07-08,Apparel,2,9,3252.4399999999996,1395.3899999999999
2024-07-08,Electronics,2,7,1869.1299999999999,810.75
2024-07-08,Grocery,1,2,532.6,281.58
2024-07-08,Home,2,6,4982.25,2709.05
2024-07-08,Sports,7,12,4464.15,1335.93
2024-07-09,Apparel,4,11,2792.32,1040.19
2024-07-09,Electronics,7,25,8968.16,3320.44
2024-07-09,Grocery,1,2,198.74,107.86
2024-07-09,Home,1,1,898.98,502.01
2024-07-09,Sports,2,6,3800.3599999999997,1511.68
2024-07-10,Apparel,3,11,3348.79,1377.79
2024-07-10,Electronics,2,8,3074.0,685.76
2024-07-10,Grocery,1,2,673.96,330.96
2024-07-10,Home,2,6,508.12,157.52
2024-07-10,Sports,4,16,4843.51,1629.03
2024-07-11,Apparel,3,7,3808.82,1940.67
2024-07-11,Electronics,1,5,1999.2,851.45
2024-07-11,Grocery,2,5,1604.2,422.1
2024-07-11,Home,4,15,3770.05,775.53
2024-07-11,Sports,3,9,3721.54,1696.3
2024-07-12,Apparel,4,16,3805.67,1594.13
2024-07-12,Electronics,3,9,2672.81,1207.23
2024-07-12,Grocery,3,10,4944.25,2235.92
2024-07-12,Home,2,2,320.32,85.09
2024-07-12,Sports,8,27,10826.5,3999.71
2024-07-13,Electronics,2,3,502.79,184.83
2024-07-13,Grocery,2,6,423.89,220.93
2024-07-13,Home,3,9,6669.03,3502.3199999999997
2024-07-13,Sports,2,6,1738.1599999999999,531.2
2024-07-14,Apparel,3,8,1912.6599999999999,786.7299999999999
2024-07-14,Electronics,2,7,2068.4,712.93
2024-07-14,Grocery,4,14,5136.6,2404.42
2024-07-14,Home,5,12,4337.3,1148.89
2024-07-14,Sports,1,2,709.82,382.34
2024-07-15,Apparel,1,1,327.28,177.65
2024-07-15,Electronics,5,11,4371.67,2179.73
2024-07-15,Grocery,3,9,1196.14,473.81999999999994
2024-07-15,Home,1,1,24.79,5.36
2024-07-15,Sports,5,17,6355.73,2799.33
2024-07-16,Apparel,2,5,2436.0,853.53
2024-07-16,Electronics,3,9,4421.9,1622.1100000000001
2024-07-16,Grocery,2,7,2727.31,1366.71
2024-07-16,Home,4,9,1677.78,659.04
2024-07-16,Sports,3,4,1758.96,876.78
2024-07-17,Apparel,7,21,5408.24,2056.89
2024-07-17,Electronics,3,8,2812.95,951.89
2024-07-17,Grocery,5,14,7849.74,3750.4300000000003
2024-07-17,Home,5,9,1698.52,604.69
2024-07-17,Sports,1,1,413.82,94.69
2024-07-18,Apparel,3,7,3653.03,1467.34
2024-07-18,Electronics,6,23,6365.03,2047.33
2024-07-18,Grocery,2,2,417.33,133.31
2024-07-18,Home,4,14,5611.42,2025.8500000000001
2024-07-18,Sports,5,18,5918.75,2725.43
2024-07-19,Apparel,4,13,6293.799999999999,1826.9299999999998
2024-07-19,Electronics,3,6,2872.36,1429.8300000000002
2024-07-19,Grocery,3,5,1878.63,863.1300000000001
2024-07-19,Home,4,13,5148.84,2078.23
2024-07-19,Sports,2,3,963.26,263.42
2024-07-20,Apparel,2,4,1694.8,718.77
2024-07-20,Electronics,2,9,2488.45,815.7
2024-07-20,Grocery,3,6,2978.8900000000003,1442.25
2024-07-20,Sports,3,10,2172.83,651.6899999999999
2024-07-21,Apparel,2,7,2625.76,994.5899999999999
2024-07-21,Electronics,8,23,8599.99,3534.5
2024-07-21,Grocery,1,5,292.6,71.85
2024-07-21,Sports,2,5,2705.49,1269.1100000000001
2024-07-22,Apparel,2,8,4594.36,2161.2799999999997
2024-07-22,Electronics,5,11,4355.03,1862.46
2024-07-22,Grocery,3,11,3534.2599999999998,1716.7800000000002
2024-07-22,Home,1,2,148.52,69.32
2024-07-22,Sports,2,7,3628.06,1629.2
2024-07-23,Apparel,2,7,1724.39,542.63
2024-07-23,Electronics,2,6,1065.84,220.5
2024-07-23,Home,5,13,3865.84,862.47
2024-07-23,Sports,3,14,6532.54,2361.33
2024-07-24,Apparel,2,9,2733.23,426.91999999999996
2024-07-24,Electronics,3,9,1339.28,472.70000000000005
2024-07-24,Grocery,3,11,4787.23,2574.15
2024-07-24,Home,2,5,2027.7800000000002,834.78
2024-07-24,Sports,3,5,2881.3900000000003,1328.22
2024-07-25,Apparel,3,9,1031.04,405.82
2024-07-25,Electronics,4,7,1783.52,502.04
2024-07-25,Grocery,2,8,2928.92,1171.3200000000002
2024-07-25,Home,2,2,130.36,53.879999999999995
2024-07-25,Sports,2,8,3354.46,1190.31
2024-07-26,Apparel,5,22,8726.04,2691.89
2024-07-26,Electronics,3,8,2398.73,1046.09
2024-07-26,Grocery,4,8,2714.02,1172.8899999999999
2024-07-26,Home,3,10,2366.5299999999997,531.27
2024-07-26,Sports,3,9,2648.37,1184.2
2024-07-27,Apparel,2,5,1715.63,897.76
2024-07-27,Electronics,1,1,576.59,194.25
2024-07-27,Grocery,2,5,151.08,64.53
2024-07-27,Home,4,9,3258.63,843.44
2024-07-27,Sports,3,11,5072.82,1884.9
2024-07-28,Apparel,4,13,5875.74,2357.09
2024-07-28,Electronics,3,9,3294.3199999999997,1640.38
2024-07-28,Grocery,4,14,6702.84,3325.5
2024-07-28,Home,5,15,4247.31,1954.0800000000002
2024-07-28,Sports,3,13,5988.59,2455.3
2024-07-29,Apparel,2,5,1677.94,768.79
2024-07-29,Electronics,1,3,830.04,451.08
2024-07-29,Grocery,5,15,4875.4800000000005,2563.0600000000004
2024-07-29,Home,4,15,4852.150000000001,1119.01
2024-07-29,Sports,4,11,3140.14,1303.29
2024-07-30,Apparel,2,6,3340.31,1583.6399999999999
2024-07-30,Electronics,4,16,2805.33,953.8199999999999
2024-07-30,Grocery,1,2,821.34,414.3
2024-07-30,Home,1,1,238.61,52.78
2024-07-30,Sports,4,12,5825.07,2059.21
2024-07-31,Apparel,3,10,3502.9700000000003,1490.61
2024-07-31,Electronics,6,17,3280.24,724.87
2024-07-31,Grocery,3,5,3054.4700000000003,1580.55
2024-07-31,Home,3,3,673.5,223.54999999999998
2024-08-01,Apparel,1,3,233.04,119.52
2024-08-01,Electronics,1,1,318.79,86.26
2024-08-01,Grocery,5,17,3943.77,1798.75
2024-08-01,Home,4,10,3594.77,1194.04
2024-08-02,Apparel,4,8,2854.95,1131.09
2024-08-02,Electronics,3,9,1253.7,225.3
2024-08-02,Grocery,4,11,3702.09,1715.74
2024-08-02,Home,3,6,1957.48,838.5999999999999
2024-08-03,Apparel,1,1,719.52,376.59
2024-08-03,Electronics,2,3,1723.44,866.11
2024-08-03,Grocery,3,9,2061.21,510.92999999999995
2024-08-03,Home,1,5,591.8,335.55
2024-08-03,Sports,3,9,2290.77,696.47
2024-08-04,Apparel,2,6,3160.5,1226.6999999999998
2024-08-04,Electronics,4,11,4658.860000000001,2251.79
2024-08-04,Grocery,3,12,2434.2000000000003,920.66
2024-08-04,Home,5,14,5989.16,2280.55
2024-08-04,Sports,1,1,459.8,140.67
2024-08-05,Apparel,4,12,1752.72,572.73
2024-08-05,Electronics,1,2,519.14,220.26
2024-08-05,Grocery,2,4,2396.6400000000003,1074.26
2024-08-05,Home,2,3,1606.68,666.29
2024-08-05,Sports,3,10,1791.94,577.34
2024-08-06,Apparel,1,2,193.02,38.2
2024-08-06,Electronics,4,11,3135.57,1203.14
2024-08-06,Grocery,9,28,8836.84,3517.96
2024-08-06,Home,3,6,2231.2400000000002,955.92
2024-08-06,Sports,2,6,3430.3,1496.14
2024-08-07,Apparel,3,11,746.16,221.92000000000002
2024-08-07,Electronics,4,16,7947.22,3407.5600000000004
2024-08-07,Grocery,3,13,2693.8700000000003,1225.9
2024-08-07,Home,3,10,2933.2599999999998,1208.84
2024-08-07,Sports,5,14,5462.94,2396.29
2024-08-08,Apparel,1,2,1053.5,408.9
2024-08-08,Electronics,4,13,3972.1099999999997,1875.75
2024-08-08,Grocery,4,10,3492.16,1740.11
2024-08-08,Home,3,12,3236.86,421.63
2024-08-08,Sports,3,7,3731.04,1477.6200000000001
2024-08-09,Apparel,4,9,3139.83,1157.36
2024-08-09,Electronics,6,24,4136.18,974.85
2024-08-09,Grocery,4,11,5562.65,2226.9
2024-08-09,Home,2,9,1385.86,626.51
2024-08-09,Sports,3,11,4289.11,1653.71
2024-08-10,Apparel,6,12,2291.26,896.8199999999999
2024-08-10,Electronics,1,4,1275.16,345.04
2024-08-10,Grocery,4,12,7274.9400000000005,2951.92
2024-08-10,Home,3,7,2869.2200000000003,1252.67
2024-08-10,Sports,3,10,5091.33,2076.84
2024-08-11,Apparel,1,1,437.08,67.01
2024-08-11,Electronics,3,8,4199.4,2240.53
2024-08-11,Grocery,1,2,129.06,13.82
2024-08-11,Home,1,2,1797.96,1004.02
2024-08-12,Apparel,7,16,5250.23,2091.41
2024-08-12,Electronics,3,9,3896.45,1333.01
2024-08-12,Grocery,4,13,1518.29,509.93000000000006
2024-08-12,Home,3,8,1190.74,356.16999999999996
2024-08-12,Sports,2,8,3645.5299999999997,934.3299999999999
2024-08-13,Apparel,2,5,2210.6,1159.65
2024-08-13,Electronics,3,13,3881.2799999999997,1317.9699999999998
2024-08-13,Grocery,3,8,1779.91,768.3
2024-08-13,Sports,2,5,2428.6499999999996,1103.61
2024-08-14,Apparel,3,10,2517.89,816.44
2024-08-14,Electronics,5,9,3394.08,1346.88
2024-08-14,Grocery,3,4,1498.31,762.24
2024-08-14,Home,4,6,2274.01,585.23
2024-08-15,Electronics,3,11,4043.3,1595.55
2024-08-15,Grocery,2,5,2661.9700000000003,1184.48
2024-08-15,Home,4,10,3461.33,1463.36
2024-08-15,Sports,2,4,1663.08,541.16
2024-08-16,Apparel,5,14,4088.45,1588.12
2024-08-16,Electronics,2,6,692.04,121.38
2024-08-16,Grocery,2,3,527.71,235.89000000000001
2024-08-16,Home,3,7,1858.99,658.48
2024-08-16,Sports,2,8,2202.6,595.9200000000001
2024-08-17,Apparel,4,13,900.41,415.71
2024-08-17,Electronics,4,13,2971.54,1015.3
2024-08-17,Grocery,2,6,2517.54,1057.77
2024-08-17,Home,4,7,4112.72,1713.35
2024-08-17,Sports,2,8,4185.09,1230.53
2024-08-18,Apparel,1,4,104.08,59.76
2024-08-18,Electronics,1,4,582.04,179.48
2024-08-18,Grocery,1,4,234.08,57.48
2024-08-18,Home,5,14,3428.6,1078.2
2024-08-18,Sports,2,5,2230.1099999999997,1110.8600000000001
2024-08-19,Apparel,7,23,6386.99,3076.22
2024-08-19,Electronics,2,6,1389.77,582.71
2024-08-19,Grocery,4,12,3623.23,1304.73
2024-08-19,Home,3,10,1652.1499999999999,611.69
2024-08-19,Sports,3,9,4270.83,2002.31
2024-08-20,Apparel,4,15,5942.4400000000005,2217.85
2024-08-20,Electronics,3,5,677.11,144.09000000000003
2024-08-20,Grocery,5,14,5735.75,2589.83
2024-08-20,Home,1,1,490.08,224.64
2024-08-20,Sports,3,11,6913.3099999999995,2983.31
2024-08-21,Apparel,1,2,1117.32,473.04
2024-08-21,Electronics,3,10,3135.37,1410.5
2024-08-21,Grocery,3,3,1209.1100000000001,468.54
2024-08-21,Home,3,10,2187.2,1127.28
2024-08-21,Sports,4,11,4736.53,2289.89
2024-08-22,Apparel,3,6,1333.5500000000002,533.28
2024-08-22,Electronics,2,9,1298.15,441.6
2024-08-22,Grocery,4,9,3988.38,2094.12
2024-08-22,Home,3,10,4451.96,2316.0
2024-08-22,Sports,1,4,1521.12,86.44
2024-08-23,Apparel,4,8,1800.01,492.56
2024-08-23,Electronics,5,15,8034.870000000001,3311.46
2024-08-23,Grocery,2,6,3200.62,1346.8400000000001
2024-08-23,Home,4,7,1050.23,373.9
2024-08-23,Sports,3,10,3201.1099999999997,1548.48
2024-08-24,Apparel,1,4,2122.91,834.35
2024-08-24,Electronics,6,24,8220.960000000001,2971.77
2024-08-24,Grocery,2,7,1212.74,429.03999999999996
2024-08-24,Home,4,19,2688.5299999999997,930.96
2024-08-24,Sports,2,4,1564.85,622.1899999999999
2024-08-25,Apparel,1,4,677.48,244.44
2024-08-25,Electronics,1,3,327.29,149.51
2024-08-25,Grocery,1,1,94.47,46.89
2024-08-25,Home,1,3,1315.84,450.79
2024-08-25,Sports,4,13,6493.53,3148.1800000000003
2024-08-26,Apparel,2,4,2277.24,1084.3899999999999
2024-08-26,Electronics,7,16,7002.07,2982.69
2024-08-26,Grocery,3,5,1583.27,591.6099999999999
2024-08-26,Sports,1,3,981.75,199.83
2024-08-27,Apparel,3,10,4412.03,1723.42
2024-08-27,Electronics,4,13,5639.08,2668.32
2024-08-27,Grocery,2,7,3947.6099999999997,1655.18
2024-08-27,Sports,3,10,4062.68,1265.97
2024-08-28,Apparel,6,16,5778.5599999999995,2367.83
2024-08-28,Electronics,4,13,2895.18,1113.95
2024-08-28,Grocery,1,2,1242.46,519.98
2024-08-28,Home,2,4,1199.42,461.38
2024-08-28,Sports,3,8,2818.81,995.73
2024-08-29,Apparel,4,13,5874.030000000001,2447.61
2024-08-29,Electronics,6,15,3941.2000000000003,777.98
2024-08-29,Grocery,4,9,1586.1599999999999,688.38
2024-08-29,Home,3,7,1807.69,625.45
2024-08-29,Sports,4,16,5492.860000000001,2594.22
2024-08-30,Apparel,1,4,622.51,166.55
2024-08-30,Electronics,2,2,628.43,177.63
2024-08-30,Grocery,3,8,1184.04,435.04999999999995
2024-08-30,Home,2,6,1087.42,374.48
2024-08-30,Sports,3,9,3509.42,1430.3999999999999
2024-08-31,Apparel,5,16,6962.66,2724.21
2024-08-31,Electronics,2,2,131.46,12.92
2024-08-31,Grocery,5,18,3974.69,1800.83
2024-08-31,Sports,5,16,7344.799999999999,3482.83
2024-09-01,Apparel,2,5,1146.5,274.06
2024-09-01,Electronics,2,8,2773.57,1190.55
2024-09-01,Grocery,7,20,4405.49,1788.1399999999999
2024-09-02,Apparel,2,8,4371.18,1841.11
2024-09-02,Electronics,2,7,2204.94,1020.1700000000001
2024-09-02,Grocery,5,16,5659.1,2472.11
2024-09-02,Home,1,2,292.3,46.36
2024-09-02,Sports,1,2,1054.08,320.94
2024-09-03,Apparel,1,3,1167.15,278.79
2024-09-03,Electronics,2,2,784.48,283.61
2024-09-03,Grocery,3,6,2027.67,936.28
2024-09-03,Home,3,7,3300.3900000000003,1209.35
2024-09-03,Sports,1,1,475.35,116.68
2024-09-04,Apparel,2,5,549.47,220.51
2024-09-04,Electronics,3,7,3089.51,1600.9
2024-09-04,Grocery,2,4,639.91,266.53
2024-09-04,Home,7,23,6829.32,2822.69
2024-09-04,Sports,6,16,6643.860000000001,2665.28
2024-09-05,Apparel,3,8,2723.6,1105.8
2024-09-05,Electronics,1,1,29.58,12.69
2024-09-05,Grocery,5,21,9564.52,4322.96
2024-09-05,Home,2,8,1767.23,587.79
2024-09-05,Sports,2,8,2713.85,763.97
2024-09-06,Apparel,5,19,3772.5,1465.83
2024-09-06,Electronics,1,4,124.56,57.0
2024-09-06,Home,3,6,2883.34,1301.44
2024-09-06,Sports,6,23,9046.42,3864.69
2024-09-07,Apparel,1,2,654.56,355.3
2024-09-07,Electronics,5,19,4306.29,2149.31
2024-09-07,Grocery,1,1,23.14,12.54
2024-09-07,Home,3,11,4046.7,1116.3700000000001
2024-09-07,Sports,3,5,2612.1,1210.1999999999998
2024-09-08,Electronics,2,7,858.4699999999999,137.84
2024-09-08,Grocery,4,7,1507.93,677.37
2024-09-08,Home,4,7,2456.27,899.0799999999999
2024-09-08,Sports,3,10,5011.94,2184.09
2024-09-09,Apparel,2,5,1128.76,302.73
2024-09-09,Electronics,2,5,876.78,363.72
2024-09-09,Grocery,6,18,8039.7,3164.5
2024-09-09,Home,4,12,2440.05,355.47
2024-09-09,Sports,2,7,2536.29,1144.4199999999998
2024-09-10,Apparel,3,6,2723.08,930.74
2024-09-10,Electronics,1,2,1108.2,629.76
2024-09-10,Grocery,5,18,8573.27,4695.56
2024-09-10,Home,1,1,337.64,128.41
2024-09-10,Sports,4,14,5624.01,2354.0499999999997
2024-09-11,Apparel,3,12,3070.0699999999997,1173.8899999999999
2024-09-11,Electronics,2,5,1119.64,337.54999999999995
2024-09-11,Grocery,2,4,2286.13,1210.47
2024-09-11,Home,1,4,1097.2,331.88
2024-09-11,Sports,3,8,3522.92,1489.8600000000001
2024-09-12,Apparel,4,17,6169.83,2480.6
2024-09-12,Electronics,7,23,8673.53,3962.29
2024-09-12,Grocery,1,5,322.64,34.54
2024-09-12,Home,3,10,3593.46,1609.9699999999998
2024-09-12,Sports,2,7,4126.16,1808.6
2024-09-13,Apparel,3,8,3515.7,1621.9
2024-09-13,Electronics,1,3,714.15,294.0
2024-09-13,Grocery,3,11,4179.62,1935.27
2024-09-13,Home,2,6,256.19,17.259999999999998
2024-09-13,Sports,2,9,3642.17,963.25
2024-09-14,Apparel,2,5,1478.91,523.56
2024-09-14,Electronics,3,5,677.01,235.29
2024-09-14,Grocery,3,14,6196.62,2924.76
2024-09-14,Home,1,3,806.61,308.01
2024-09-15,Apparel,5,10,4440.94,1636.56
2024-09-15,Electronics,4,15,4755.15,1938.5
2024-09-15,Grocery,3,13,2978.3,832.9
2024-09-15,Home,2,6,718.9,171.64000000000001
2024-09-15,Sports,6,14,4386.81,1572.93
2024-09-16,Apparel,5,15,7094.03,2373.33
2024-09-16,Electronics,2,5,391.25,48.95
2024-09-16,Grocery,2,6,383.73,151.45999999999998
2024-09-16,Home,5,17,5507.33,1943.8400000000001
2024-09-16,Sports,3,11,4151.450000000001,1020.6500000000001
2024-09-17,Electronics,3,13,6313.530000000001,3052.29
2024-09-17,Grocery,4,10,2386.94,941.72
2024-09-17,Home,1,1,355.41,146.18
2024-09-17,Sports,3,5,1479.6999999999998,555.13
2024-09-18,Apparel,1,1,101.59,24.18
2024-09-18,Electronics,2,9,2719.21,739.95
2024-09-18,Grocery,3,10,3449.08,1606.37
2024-09-18,Home,4,13,6296.87,2677.2000000000003
2024-09-18,Sports,3,10,3107.75,1581.73
2024-09-19,Apparel,3,12,3463.12,1423.64
2024-09-19,Electronics,1,5,155.7,71.25
2024-09-19,Grocery,4,13,5992.42,2920.6000000000004
2024-09-19,Home,3,6,906.64,147.89
2024-09-19,Sports,2,6,2086.35,878.21
2024-09-20,Apparel,2,6,2864.87,1195.24
2024-09-20,Electronics,3,8,2742.36,1270.3400000000001
2024-09-20,Grocery,4,15,3481.7,1089.62
2024-09-20,Home,7,18,5923.13,2477.74
2024-09-20,Sports,1,3,1172.49,215.1
2024-09-21,Apparel,2,8,2553.8,423.25
2024-09-21,Electronics,1,5,2033.9,967.65
2024-09-21,Grocery,2,9,1475.0900000000001,606.93
2024-09-21,Home,3,9,2459.14,667.9300000000001
2024-09-21,Sports,3,11,1607.71,541.72
2024-09-22,Apparel,4,17,5603.6,1777.78
2024-09-22,Electronics,5,15,4626.089999999999,2005.26
2024-09-22,Grocery,1,1,336.98,165.48
2024-09-22,Home,2,3,1467.51,648.28
2024-09-22,Sports,2,7,1685.59,504.85
2024-09-23,Apparel,1,4,1538.01,459.81
2024-09-23,Electronics,2,6,2498.4300000000003,701.35
2024-09-23,Grocery,3,11,3136.17,1629.4
2024-09-23,Home,3,6,1549.44,466.59
2024-09-23,Sports,3,7,3324.81,1271.7199999999998
2024-09-24,Apparel,3,4,2119.4700000000003,1108.75
2024-09-24,Electronics,3,10,3943.4,2029.1000000000001
2024-09-24,Grocery,3,8,753.37,387.81
2024-09-24,Home,1,1,300.77,29.06
2024-09-24,Sports,4,10,3351.52,1645.52
2024-09-25,Apparel,2,9,5345.92,2150.9900000000002
2024-09-25,Electronics,3,10,2965.59,1419.65
2024-09-25,Grocery,2,4,1636.41,471.07
2024-09-25,Home,1,2,467.72,234.22
2024-09-25,Sports,3,12,4732.0,1390.48
2024-09-26,Apparel,3,11,2767.33,1061.29
2024-09-26,Electronics,2,5,2890.1600000000003,1289.73
2024-09-26,Grocery,1,5,1527.41,348.01
2024-09-26,Home,2,6,1105.46,380.38
2024-09-26,Sports,4,10,1978.9099999999999,1089.52
2024-09-27,Apparel,2,8,2707.16,1138.3600000000001
2024-09-27,Electronics,3,6,2058.44,967.17
2024-09-27,Grocery,7,15,2594.65,877.5600000000001
2024-09-27,Home,2,6,2130.9,813.04
2024-09-27,Sports,2,7,3430.83,904.3399999999999
2024-09-28,Apparel,2,5,3024.4700000000003,1563.49
2024-09-28,Electronics,5,17,5669.55,2487.2
2024-09-28,Grocery,4,5,1414.6100000000001,626.08
2024-09-28,Home,1,1,412.83,218.87
2024-09-28,Sports,3,8,2356.66,859.96
2024-09-29,Apparel,3,9,3962.67,1435.01
2024-09-29,Electronics,5,20,10104.51,5019.17
2024-09-29,Grocery,2,9,1469.71,528.5699999999999
2024-09-29,Home,1,4,1075.48,410.68
2024-09-29,Sports,3,10,4604.48,1919.7299999999998
2024-09-30,Apparel,6,22,4754.99,1531.81
2024-09-30,Electronics,2,6,2360.04,1123.06
2024-09-30,Grocery,3,8,2320.16,839.76
2024-09-30,Home,3,12,3157.7599999999998,994.85
2024-09-30,Sports,4,11,3800.42,1289.24
2024-10-01,Apparel,5,18,7141.35,2828.4300000000003
2024-10-01,Electronics,2,6,3579.78,1572.67
2024-10-01,Grocery,3,12,2047.33,586.28
2024-10-01,Home,2,6,2513.16,1221.86
2024-10-01,Sports,1,4,1839.2,562.68
2024-10-02,Apparel,3,5,869.08,302.22
2024-10-02,Electronics,3,7,2948.48,1294.43
2024-10-02,Grocery,1,1,317.96,79.38
2024-10-02,Home,1,1,26.09,6.66
2024-10-02,Sports,4,13,5058.17,1724.5300000000002
2024-10-03,Apparel,2,5,372.09,100.12
2024-10-03,Electronics,4,10,1130.06,311.07
2024-10-03,Grocery,3,8,3531.1000000000004,1625.1
2024-10-03,Sports,1,4,1240.81,307.69
2024-10-04,Apparel,5,17,6186.71,2475.2999999999997
2024-10-04,Electronics,5,23,7389.52,2531.6
2024-10-04,Grocery,2,5,515.6600000000001,174.51999999999998
2024-10-04,Home,1,3,1465.65,415.41
2024-10-04,Sports,2,5,2199.1099999999997,862.96
2024-10-05,Apparel,5,18,5260.32,2498.9300000000003
2024-10-05,Electronics,4,10,2779.26,1284.9499999999998
2024-10-05,Grocery,5,19,7633.11,3843.7200000000003
2024-10-05,Home,1,1,47.85,10.97
2024-10-05,Sports,5,10,4577.45,2312.51
2024-10-06,Apparel,2,5,1754.0500000000002,745.39
2024-10-06,Grocery,4,10,1276.53,567.1800000000001
2024-10-06,Home,1,3,1061.55,246.42
2024-10-06,Sports,3,9,2746.42,923.3199999999999
2024-10-07,Apparel,3,7,1721.1999999999998,738.69
2024-10-07,Electronics,1,3,1729.77,582.75
2024-10-07,Grocery,2,4,759.82,218.20000000000002
2024-10-07,Home,2,4,1374.26,603.6800000000001
2024-10-07,Sports,2,5,2639.88,917.71
2024-10-08,Apparel,3,9,3752.34,1119.29
2024-10-08,Electronics,1,5,613.66,317.36
2024-10-08,Grocery,3,11,5960.139999999999,3230.17
2024-10-08,Home,2,8,923.78,253.23000000000002
2024-10-08,Sports,5,19,10280.789999999999,3159.4300000000003
2024-10-09,Apparel,6,25,10665.76,4824.41
2024-10-09,Electronics,5,20,5090.1900000000005,2093.98
2024-10-09,Grocery,3,11,3058.9700000000003,1117.3
2024-10-09,Home,3,8,2661.13,661.97
2024-10-09,Sports,2,6,3187.86,893.8399999999999
2024-10-10,Apparel,2,8,4443.04,1964.3600000000001
2024-10-10,Electronics,3,9,3028.73,1374.8400000000001
2024-10-10,Grocery,6,26,11598.529999999999,5626.860000000001
2024-10-10,Home,1,2,95.7,21.94
2024-10-10,Sports,2,8,3215.6200000000003,1185.5900000000001
2024-10-11,Electronics,2,5,3271.4700000000003,1696.1799999999998
2024-10-11,Grocery,4,14,3663.3,1421.19
2024-10-11,Home,1,5,1777.05,730.9
2024-10-11,Sports,5,20,8196.72,3455.13
2024-10-12,Apparel,3,13,3339.7,1208.13
2024-10-12,Electronics,2,5,1432.15,613.6
2024-10-12,Grocery,5,21,6634.73,1998.61
2024-10-12,Home,1,4,1949.4,796.0
2024-10-12,Sports,1,1,475.35,116.68
2024-10-13,Apparel,4,18,6729.98,2732.56
2024-10-13,Electronics,1,2,493.18,194.3
2024-10-13,Grocery,4,14,5113.55,2501.94
2024-10-13,Home,3,9,2967.4700000000003,1256.03
2024-10-13,Sports,1,3,981.75,199.83
2024-10-14,Apparel,3,8,2508.89,849.35
2024-10-14,Electronics,4,12,4498.0599999999995,1484.98
2024-10-14,Grocery,3,6,2136.12,794.24
2024-10-14,Home,2,10,2986.96,1109.81
2024-10-14,Sports,3,8,3796.55,1233.5900000000001
2024-10-15,Apparel,2,5,786.73,315.25
2024-10-15,Electronics,2,7,1674.42,841.54
2024-10-15,Grocery,4,16,4424.14,1932.0
2024-10-15,Home,2,7,1846.6899999999998,644.03
2024-10-15,Sports,1,2,831.54,270.58
2024-10-16,Apparel,1,4,1400.58,216.1
2024-10-16,Electronics,1,4,1144.36,254.32
2024-10-16,Grocery,2,8,2304.8,644.68
2024-10-16,Home,2,4,538.96,156.66
2024-10-16,Sports,1,3,897.14,328.64
2024-10-17,Apparel,5,14,5336.42,2204.1
2024-10-17,Electronics,5,18,4255.96,1787.1999999999998
2024-10-17,Grocery,2,7,2067.7200000000003,961.82
2024-10-17,Home,4,15,5893.21,1718.24
2024-10-17,Sports,4,12,4195.92,2084.75
2024-10-18,Apparel,3,7,1694.87,638.3199999999999
2024-10-18,Electronics,1,1,257.48,34.97
2024-10-18,Grocery,1,4,1065.2,563.16
2024-10-18,Home,5,16,5561.0599999999995,2196.7
2024-10-18,Sports,2,5,1746.17,857.93
2024-10-19,Apparel,4,9,3134.44,1313.25
2024-10-19,Electronics,2,6,1845.31,873.79
2024-10-19,Grocery,3,6,1402.85,496.94000000000005
2024-10-19,Home,8,27,4972.45,1683.8
2024-10-19,Sports,2,4,2110.6400000000003,1003.8800000000001
2024-10-20,Apparel,2,9,2559.31,1043.28
2024-10-20,Electronics,3,11,4490.32,1919.0800000000002
2024-10-20,Grocery,2,6,514.26,151.38
2024-10-20,Home,5,18,4589.3099999999995,1599.75
2024-10-20,Sports,3,9,3781.73,1400.51
2024-10-21,Apparel,2,6,1786.3400000000001,726.88
2024-10-21,Grocery,1,4,397.48,215.72
2024-10-21,Sports,1,3,1237.11,645.21
2024-10-22,Apparel,2,10,4779.1,1840.9
2024-10-22,Electronics,2,4,956.02,472.16
2024-10-22,Grocery,4,12,1771.62,859.49
2024-10-22,Home,3,5,1590.77,388.67999999999995
2024-10-22,Sports,2,5,1851.5,421.87
2024-10-23,Apparel,5,14,4716.85,2034.54
2024-10-23,Electronics,5,16,3399.28,1343.61
2024-10-23,Grocery,1,2,46.28,25.08
2024-10-23,Home,3,9,3427.9700000000003,1347.06
2024-10-23,Sports,3,11,4901.8,1710.56
2024-10-24,Apparel,6,16,6550.91,2347.0
2024-10-24,Electronics,5,13,3604.17,1684.3400000000001
2024-10-24,Home,1,4,330.04,171.64
2024-10-24,Sports,1,2,255.24,59.42
2024-10-25,Apparel,3,11,4676.6900000000005,1909.0900000000001
2024-10-25,Electronics,4,16,6236.509999999999,2524.73
2024-10-25,Grocery,1,1,678.93,378.98
2024-10-25,Home,5,16,6444.24,2129.68
2024-10-25,Sports,3,6,1143.74,318.36
2024-10-26,Apparel,2,8,1776.23,582.63
2024-10-26,Electronics,4,9,3811.5499999999997,1233.51
2024-10-26,Grocery,1,1,621.23,259.99
2024-10-26,Home,1,3,1061.55,246.42
2024-10-26,Sports,3,6,1882.87,861.13
2024-10-27,Apparel,4,13,2158.77,789.88
2024-10-27,Grocery,2,2,343.74,122.49000000000001
2024-10-27,Home,1,2,979.97,451.07
2024-10-28,Apparel,3,10,2232.36,327.19000000000005
2024-10-28,Electronics,4,13,7784.52,3840.63
2024-10-28,Grocery,2,5,2020.44,907.3
2024-10-28,Home,2,7,2952.7400000000002,1253.88
2024-10-28,Sports,2,8,3013.41,1262.32
2024-10-29,Apparel,2,9,4268.26,1653.0
2024-10-29,Electronics,2,9,5360.3099999999995,2602.08
2024-10-29,Grocery,4,13,5997.73,2969.48
2024-10-29,Home,5,17,6208.929999999999,2790.4600000000005
2024-10-29,Sports,1,5,606.19,116.64
2024-10-30,Apparel,5,18,5064.12,2287.55
2024-10-30,Electronics,2,5,807.02,227.53
2024-10-30,Grocery,2,10,5558.99,2716.29
2024-10-30,Home,2,6,1130.92,325.15999999999997
2024-10-30,Sports,3,11,6591.59,2540.1800000000003
2024-10-31,Apparel,3,8,2829.91,1056.72
2024-10-31,Electronics,5,15,4010.25,1932.49
2024-10-31,Grocery,3,7,1301.74,402.09999999999997
2024-10-31,Home,3,7,2913.43,883.96
2024-10-31,Sports,3,5,1860.15,875.41
2024-11-01,Apparel,1,1,442.63,155.31
2024-11-01,Electronics,5,13,4195.12,1805.82
2024-11-01,Home,3,7,1896.94,548.8000000000001
2024-11-01,Sports,2,7,3985.74,1486.0700000000002
2024-11-02,Apparel,3,7,4505.52,2215.88
2024-11-02,Electronics,5,13,2737.89,924.3399999999999
2024-11-02,Grocery,5,16,4758.95,2176.48
2024-11-02,Home,1,5,380.7,83.1
2024-11-02,Sports,8,27,13140.91,5129.96
2024-11-03,Apparel,3,8,4448.030000000001,2026.99
2024-11-03,Electronics,4,10,2334.16,1182.88
2024-11-03,Grocery,4,9,1050.0700000000002,463.59000000000003
2024-11-03,Home,3,11,2295.5299999999997,366.71000000000004
2024-11-03,Sports,4,11,4477.12,2099.77
2024-11-04,Apparel,3,5,1180.6200000000001,476.02
2024-11-04,Electronics,3,5,2159.67,695.03
2024-11-04,Grocery,3,7,1151.12,523.4300000000001
2024-11-04,Home,6,18,6181.3,1995.18
2024-11-04,Sports,3,6,1869.6799999999998,759.78
2024-11-05,Apparel,3,11,1332.02,394.38
2024-11-05,Electronics,4,12,1971.8899999999999,563.52
2024-11-05,Grocery,1,4,210.67,34.07
2024-11-05,Home,7,27,5671.14,1612.08
2024-11-05,Sports,5,14,4813.14,1698.46
2024-11-06,Apparel,2,7,3063.25,1453.7600000000002
2024-11-06,Electronics,3,10,1975.07,640.1199999999999
2024-11-06,Grocery,1,5,1950.68,933.08
2024-11-06,Home,3,8,1470.85,293.01
2024-11-06,Sports,4,13,3509.96,1126.99
2024-11-07,Apparel,3,7,1573.1100000000001,457.24
2024-11-07,Electronics,1,2,502.55,222.45
2024-11-07,Grocery,1,2,122.84,52.98
2024-11-07,Home,3,7,2137.65,787.44
2024-11-07,Sports,2,8,4149.54,1867.82
2024-11-08,Apparel,2,5,2009.57,702.05
2024-11-08,Electronics,5,13,2005.21,864.5
2024-11-08,Grocery,7,23,9385.380000000001,3826.48
2024-11-08,Home,1,1,488.55,138.47
2024-11-08,Sports,5,19,7913.5,3536.63
2024-11-09,Apparel,2,5,564.88,97.88
2024-11-09,Electronics,5,12,3930.7799999999997,1320.74
2024-11-09,Grocery,1,2,821.34,414.3
2024-11-09,Home,3,6,2886.4,1473.78
2024-11-09,Sports,1,5,1636.25,333.05
2024-11-10,Apparel,2,3,884.8799999999999,344.17
2024-11-10,Electronics,3,12,2959.37,1191.28
2024-11-10,Grocery,2,4,159.17000000000002,79.78999999999999
2024-11-10,Home,2,7,4506.87,2419.52
2024-11-10,Sports,1,2,1054.08,320.94
2024-11-11,Apparel,3,11,4635.35,1542.02
2024-11-11,Electronics,4,13,6810.259999999999,2308.55
2024-11-11,Grocery,3,9,5492.93,2730.83
2024-11-11,Home,4,9,2348.77,1001.3000000000001
2024-11-11,Sports,2,7,3622.44,1273.11
2024-11-12,Apparel,3,7,3805.45,1471.42
2024-11-12,Electronics,2,6,3449.0699999999997,1812.0
2024-11-12,Grocery,2,6,2034.3,868.6
2024-11-12,Home,2,4,1576.76,729.1899999999999
2024-11-12,Sports,3,8,3924.7599999999998,1655.46
2024-11-13,Apparel,2,8,1964.8799999999999,880.69
2024-11-13,Electronics,4,13,3716.4399999999996,1159.05
2024-11-13,Grocery,6,17,3416.79,1138.49
2024-11-13,Home,3,5,1221.67,258.0
2024-11-13,Sports,5,15,5527.93,2335.07
2024-11-14,Apparel,3,9,1057.01,335.92
2024-11-14,Electronics,3,10,4276.93,2081.2599999999998
2024-11-14,Grocery,1,2,821.34,414.3
2024-11-14,Home,2,10,2712.49,1082.59
2024-11-14,Sports,3,10,3691.5199999999995,1439.46
2024-11-15,Apparel,2,4,951.76,388.78
2024-11-15,Electronics,1,3,207.57,29.76
2024-11-15,Grocery,3,6,2992.42,1485.36
2024-11-15,Home,3,5,759.25,280.6
2024-11-15,Sports,4,18,7891.14,2724.99
2024-11-16,Apparel,4,7,2340.87,553.07
2024-11-16,Electronics,1,2,232.62,42.4
2024-11-16,Grocery,2,4,1585.5700000000002,502.59
2024-11-16,Home,6,21,4810.34,1490.6100000000001
2024-11-16,Sports,4,13,5618.04,2199.37
2024-11-17,Apparel,3,8,4091.0,1541.31
2024-11-17,Grocery,3,8,2027.65,611.23
2024-11-17,Home,5,17,2629.39,745.96
2024-11-18,Apparel,1,1,491.81,204.49
2024-11-18,Electronics,2,5,2095.09,984.56
2024-11-18,Grocery,3,6,1400.0800000000002,690.21
2024-11-18,Home,2,3,692.95,96.92999999999999
2024-11-18,Sports,6,12,4252.85,1127.89
2024-11-19,Apparel,4,18,6929.94,3141.66
2024-11-19,Electronics,4,11,1954.51,679.43
2024-11-19,Grocery,1,1,455.65,187.06
2024-11-19,Home,1,5,532.62,276.37
2024-11-19,Sports,4,10,3794.48,1613.36
2024-11-20,Apparel,2,7,3245.74,1439.42
2024-11-20,Electronics,4,14,4097.35,1484.48
2024-11-20,Grocery,1,1,678.93,378.98
2024-11-20,Home,6,12,3440.4,940.39
2024-11-20,Sports,4,12,5559.36,2207.83
2024-11-21,Apparel,3,8,1885.23,740.7
2024-11-21,Electronics,2,9,4030.4,1384.45
2024-11-21,Grocery,6,9,1165.46,481.41999999999996
2024-11-21,Home,3,9,3556.46,1620.64
2024-11-21,Sports,3,10,4006.5,2245.59
2024-11-22,Apparel,1,4,406.36,96.72
2024-11-22,Electronics,7,23,5411.08,2214.66
2024-11-22,Home,2,8,2690.58,683.69
2024-11-22,Sports,1,4,2761.84,1206.68
2024-11-23,Apparel,1,1,169.37,61.11
2024-11-23,Electronics,2,2,645.78,204.17
2024-11-23,Grocery,3,6,3043.13,1553.42
2024-11-23,Home,1,1,517.21,252.76
2024-11-23,Sports,2,7,2812.35,1323.31
2024-11-24,Apparel,1,5,1636.4,888.25
2024-11-24,Electronics,3,8,1858.3,667.4300000000001
2024-11-24,Grocery,2,7,1359.3400000000001,678.36
2024-11-24,Home,2,8,3920.76,1709.56
2024-11-24,Sports,3,9,2921.6800000000003,897.23
2024-11-25,Apparel,3,9,1381.6999999999998,676.72
2024-11-25,Electronics,8,29,9829.6,4171.25
2024-11-25,Grocery,2,4,1981.67,852.1500000000001
2024-11-25,Home,3,11,2701.99,1029.16
2024-11-25,Sports,2,4,750.76,411.72
2024-11-26,Apparel,1,4,691.68,235.72
2024-11-26,Electronics,3,8,1361.01,542.34
2024-11-26,Grocery,4,10,3166.27,1052.3400000000001
2024-11-26,Home,4,18,4838.75,860.55
2024-11-26,Sports,2,6,2752.36,1324.8999999999999
2024-11-27,Apparel,1,3,78.06,44.82
2024-11-27,Electronics,1,3,1523.4,399.75
2024-11-27,Home,2,10,3094.73,692.03
2024-11-27,Sports,2,4,1379.92,594.0799999999999
2024-11-28,Apparel,3,8,2486.77,646.11
2024-11-28,Electronics,3,9,3849.75,1895.69
2024-11-28,Home,1,5,2436.75,995.0
2024-11-28,Sports,3,13,8111.93,3338.25
2024-11-29,Apparel,1,2,49.44,27.28
2024-11-29,Electronics,4,13,3477.36,1692.8500000000001
2024-11-29,Grocery,3,8,3355.33,1421.7
2024-11-29,Home,1,5,595.85,44.1
2024-11-29,Sports,1,2,703.64,324.64
2024-11-30,Apparel,2,3,699.0899999999999,218.26
2024-11-30,Electronics,1,2,813.56,387.06
2024-11-30,Grocery,4,12,2633.02,1184.45
2024-11-30,Home,3,9,683.51,263.56
2024-11-30,Sports,1,3,26.83,12.04
2024-12-01,Apparel,3,9,2353.19,907.8399999999999
2024-12-01,Electronics,2,8,1687.3700000000001,474.05
2024-12-01,Grocery,4,9,2789.62,1099.1799999999998
2024-12-01,Home,1,4,1959.95,902.15
2024-12-01,Sports,2,5,2104.54,624.8399999999999
2024-12-02,Apparel,2,3,751.96,119.46000000000001
2024-12-02,Electronics,4,12,3554.88,1221.6
2024-12-02,Grocery,3,14,4624.450000000001,1776.97
2024-12-02,Home,4,14,2375.8,870.62
2024-12-02,Sports,5,17,5460.13,2665.3199999999997
2024-12-03,Apparel,2,9,5429.5599999999995,2404.2
2024-12-03,Electronics,3,6,3671.25,1736.53
2024-12-03,Grocery,3,9,2079.09,883.11
2024-12-03,Home,2,8,2605.17,723.07
2024-12-03,Sports,2,7,3274.29,1218.63
2024-12-04,Apparel,2,5,2281.51,545.84
2024-12-04,Electronics,2,4,2055.66,1021.08
2024-12-04,Grocery,2,5,1497.0300000000002,732.73
2024-12-04,Home,4,11,5022.169999999999,1828.68
2024-12-04,Sports,2,9,4499.5,1512.99
2024-12-05,Apparel,2,4,332.48,146.04
2024-12-05,Electronics,2,5,1197.3799999999999,524.61
2024-12-05,Grocery,5,15,3939.15,1661.8600000000001
2024-12-05,Sports,4,9,3833.51,1954.48
2024-12-06,Apparel,5,18,7417.64,2953.0499999999997
2024-12-06,Electronics,7,22,8741.9,3928.58
2024-12-06,Grocery,1,5,2278.25,935.3
2024-12-06,Home,2,3,403.45,98.58000000000001
2024-12-06,Sports,3,8,4336.87,1917.37
2024-12-07,Apparel,1,5,2502.06,890.56
2024-12-07,Electronics,5,15,5667.06,2502.8399999999997
2024-12-07,Grocery,2,10,3213.48,1069.33
2024-12-07,Home,5,16,4050.49,1520.42
2024-12-07,Sports,1,4,1459.44,801.08
2024-12-08,Apparel,3,9,4151.69,2064.21
2024-12-08,Electronics,3,11,3225.41,884.9799999999999
2024-12-08,Grocery,1,4,2308.32,783.32
2024-12-08,Sports,1,2,18.94,9.08
2024-12-09,Apparel,1,5,696.55,329.8
2024-12-09,Electronics,2,4,1798.96,592.67
2024-12-09,Grocery,3,6,1962.33,982.76
2024-12-09,Home,2,6,2439.42,1073.6
2024-12-09,Sports,1,4,1419.64,764.68
2024-12-10,Electronics,2,5,1681.4,376.73
2024-12-10,Grocery,2,3,566.55,226.58
2024-12-10,Home,2,5,4086.0,2232.68
2024-12-10,Sports,4,14,5014.76,2213.1000000000004
2024-12-11,Apparel,1,3,304.77,72.54
2024-12-11,Electronics,6,18,5714.39,2124.04
2024-12-11,Grocery,2,6,3167.31,1559.48
2024-12-11,Home,2,6,1191.96,265.56
2024-12-11,Sports,2,7,1188.7800000000002,254.8
2024-12-12,Apparel,6,21,8543.39,3936.33
2024-12-12,Electronics,3,7,1820.8,829.19
2024-12-12,Grocery,5,21,6559.049999999999,2863.3
2024-12-12,Home,5,14,4209.93,972.2
2024-12-12,Sports,3,8,3628.1899999999996,1577.8
2024-12-13,Apparel,3,9,1423.17,571.38
2024-12-13,Electronics,3,11,1717.11,684.39
2024-12-13,Grocery,2,6,1952.73,963.94
2024-12-13,Home,2,4,2133.84,1016.8100000000001
2024-12-13,Sports,3,9,3860.91,1259.01
2024-12-14,Apparel,2,4,521.1,175.36
2024-12-14,Electronics,3,9,1344.17,460.42
2024-12-14,Grocery,2,3,1443.02,723.8199999999999
2024-12-14,Home,4,16,3096.84,508.84000000000003
2024-12-14,Sports,4,11,5654.24,2500.69
2024-12-15,Apparel,3,12,3653.16,1428.55
2024-12-15,Electronics,4,9,2869.74,1004.31
2024-12-15,Grocery,2,6,473.67,204.89999999999998
2024-12-15,Home,4,14,4590.09,1019.57
2024-12-15,Sports,2,6,2868.64,972.5799999999999
2024-12-16,Apparel,7,27,13296.52,6091.46
2024-12-16,Electronics,2,8,2254.22,809.43
2024-12-16,Grocery,5,13,5387.37,2289.4300000000003
2024-12-16,Home,3,12,3013.51,925.3
2024-12-16,Sports,2,3,1426.0500000000002,350.04
2024-12-17,Apparel,4,8,3494.29,1023.67
2024-12-17,Electronics,5,14,4592.43,2159.6099999999997
2024-12-17,Grocery,4,13,7375.67,3899.34
2024-12-17,Home,4,10,2065.39,607.4
2024-12-17,Sports,1,2,831.54,270.58
2024-12-18,Apparel,1,3,1946.55,1049.82
2024-12-18,Grocery,3,12,3341.17,1022.15
2024-12-18,Home,5,15,4477.97,1497.5700000000002
2024-12-18,Sports,3,6,2336.15,1017.1699999999998
2024-12-19,Apparel,2,4,428.26,219.02
2024-12-19,Electronics,3,9,3104.66,1489.1100000000001
2024-12-19,Grocery,1,2,643.12,171.36
2024-12-19,Home,4,14,3254.76,1248.38
2024-12-20,Apparel,2,5,2110.77,745.25
2024-12-20,Grocery,5,14,3877.81,1367.1399999999999
2024-12-20,Home,3,9,3198.3500000000004,828.09
2024-12-20,Sports,2,3,1358.58,431.04999999999995
2024-12-21,Apparel,5,11,2738.38,817.77
2024-12-21,Electronics,2,6,1457.58,544.0999999999999
2024-12-21,Grocery,1,3,704.24,384.86
2024-12-21,Home,3,3,1303.25,558.4100000000001
2024-12-21,Sports,1,5,2078.85,676.45
2024-12-22,Apparel,3,5,2073.47,531.51
2024-12-22,Electronics,3,9,3072.3100000000004,1415.2
2024-12-22,Grocery,3,9,2867.83,936.54
2024-12-22,Sports,1,5,3376.35,1709.3
2024-12-23,Apparel,3,11,3773.19,1507.8600000000001
2024-12-23,Electronics,4,16,2628.05,1049.6100000000001
2024-12-23,Grocery,2,6,2437.7799999999997,1032.2
2024-12-23,Home,2,4,2346.56,1169.96
2024-12-23,Sports,4,9,2847.75,874.53
2024-12-24,Apparel,3,6,1612.8600000000001,532.43
2024-12-24,Electronics,3,11,1657.3899999999999,285.12
2024-12-24,Grocery,4,11,5035.66,2340.36
2024-12-24,Home,1,3,2696.94,1506.03
2024-12-25,Apparel,4,17,7271.84,3020.63
2024-12-25,Electronics,4,13,3032.07,1321.72
2024-12-25,Grocery,2,7,3892.46,1283.74
2024-12-25,Home,4,13,3434.87,1189.23
2024-12-25,Sports,3,10,3198.2,1269.93
2024-12-26,Electronics,4,16,5216.11,2329.81
2024-12-26,Grocery,4,14,4872.28,1611.99
2024-12-26,Home,4,9,4888.38,2359.16
2024-12-26,Sports,2,6,2800.62,1132.71
2024-12-27,Apparel,1,4,1716.28,654.92
2024-12-27,Electronics,3,10,5592.92,1769.52
2024-12-27,Grocery,1,3,630.11,310.73
2024-12-27,Sports,3,6,2636.27,1009.0099999999999
2024-12-28,Apparel,2,10,1077.15,490.59999999999997
2024-12-28,Electronics,1,1,507.8,133.25
2024-12-28,Grocery,1,1,229.48,28.06
2024-12-28,Home,6,19,2853.79,770.6300000000001
2024-12-28,Sports,5,14,5692.74,1713.36
2024-12-29,Apparel,6,22,5873.64,2471.44
2024-12-29,Electronics,3,6,1612.12,679.34
2024-12-29,Grocery,3,10,6244.0,3375.0
2024-12-29,Home,3,8,1855.37,730.5400000000001
2024-12-29,Sports,2,3,1018.28,520.29
2024-12-30,Apparel,2,6,1847.46,803.36
2024-12-30,Electronics,1,3,830.04,451.08
2024-12-30,Grocery,5,19,11809.28,5898.4400000000005
2024-12-30,Home,6,20,4438.57,1001.99
2024-12-30,Sports,3,9,2897.34,1251.3899999999999
