customer_id,first_name,last_name,email,loyalty_tier,signup_date,state,is_active
CUS00001,Jordan,Johnson,customer1@example.com,silver,2021-08-09,CA,True
CUS00002,Taylor,Williams,customer2@example.com,gold,2018-12-31,TX,True
CUS00003,Morgan,Brown,customer3@example.com,platinum,2018-12-09,FL,True
CUS00004,Casey,Jones,customer4@example.com,platinum,2019-09-19,IL,True
CUS00005,Riley,Garcia,customer5@example.com,platinum,2021-06-24,WA,True
CUS00006,Avery,Miller,customer6@example.com,platinum,2018-12-04,GA,True
CUS00007,Quinn,Davis,customer7@example.com,platinum,2020-09-29,CO,True
CUS00008,Sam,Rodriguez,customer8@example.com,platinum,2018-09-12,NY,True
CUS00009,Jamie,Martinez,customer9@example.com,platinum,2021-04-03,CA,True
CUS00010,Cameron,Hernandez,customer10@example.com,bronze,2018-02-16,TX,True
CUS00011,Drew,Lopez,customer11@example.com,silver,2022-04-09,FL,True
CUS00012,Blake,Gonzalez,customer12@example.com,gold,2018-05-02,IL,True
CUS00013,Reese,Wilson,customer13@example.com,platinum,2019-03-05,WA,True
CUS00014,Harper,Smith,customer14@example.com,platinum,2019-01-20,GA,True
CUS00015,Rowan,Johnson,customer15@example.com,platinum,2023-01-03,CO,True
CUS00016,Alex,Williams,customer16@example.com,platinum,2018-04-28,NY,True
CUS00017,Jordan,Brown,customer17@example.com,platinum,2020-08-02,CA,True
CUS00018,Taylor,Jones,customer18@example.com,platinum,2021-07-24,TX,True
CUS00019,Morgan,Garcia,customer19@example.com,platinum,2021-02-09,FL,True
CUS00020,Casey,Miller,customer20@example.com,bronze,2022-02-06,IL,True
CUS00021,Riley,Davis,customer21@example.com,silver,2022-11-02,WA,True
CUS00022,Avery,Rodriguez,customer22@example.com,gold,2020-05-15,GA,True
CUS00023,Quinn,Martinez,customer23@example.com,platinum,2022-12-28,CO,False
CUS00024,Sam,Hernandez,customer24@example.com,platinum,2019-12-01,NY,True
CUS00025,Jamie,Lopez,customer25@example.com,platinum,2023-12-06,CA,True
CUS00026,Cameron,Gonzalez,customer26@example.com,platinum,2021-01-14,TX,True
CUS00027,Drew,Wilson,customer27@example.com,platinum,2022-06-08,FL,True
CUS00028,Blake,Smith,customer28@example.com,platinum,2023-04-10,IL,True
CUS00029,Reese,Johnson,customer29@example.com,platinum,2022-10-10,WA,True
CUS00030,Harper,Williams,customer30@example.com,bronze,2023-02-16,GA,True
CUS00031,Rowan,Brown,customer31@example.com,silver,2021-03-26,CO,True
CUS00032,Alex,Jones,customer32@example.com,gold,2018-04-06,NY,True
CUS00033,Jordan,Garcia,customer33@example.com,platinum,2020-12-20,CA,True
CUS00034,Taylor,Miller,customer34@example.com,platinum,2019-02-04,TX,True
CUS00035,Morgan,Davis,customer35@example.com,platinum,2023-05-11,FL,True
CUS00036,Casey,Rodriguez,customer36@example.com,platinum,2019-06-05,IL,True
CUS00037,Riley,Martinez,customer37@example.com,platinum,2019-05-17,WA,True
CUS00038,Avery,Hernandez,customer38@example.com,platinum,2019-07-03,GA,True
CUS00039,Quinn,Lopez,customer39@example.com,platinum,2021-11-14,CO,True
CUS00040,Sam,Gonzalez,customer40@example.com,bronze,2021-06-10,NY,True
CUS00041,Jamie,Wilson,customer41@example.com,silver,2023-09-19,CA,True
CUS00042,Cameron,Smith,customer42@example.com,gold,2020-07-04,TX,True
CUS00043,Drew,Johnson,customer43@example.com,platinum,2019-09-14,FL,True
CUS00044,Blake,Williams,customer44@example.com,platinum,2018-04-19,IL,True
CUS00045,Reese,Brown,customer45@example.com,platinum,2018-01-16,WA,True
CUS00046,Harper,Jones,customer46@example.com,platinum,2020-04-01,GA,False
CUS00047,Rowan,Garcia,customer47@example.com,platinum,2023-07-30,CO,True
CUS00048,Alex,Miller,customer48@example.com,platinum,2021-02-26,NY,True
CUS00049,Jordan,Davis,customer49@example.com,platinum,2023-05-20,CA,True
CUS00050,Taylor,Rodriguez,customer50@example.com,bronze,2018-08-12,TX,True
CUS00051,Morgan,Martinez,customer51@example.com,silver,2018-07-25,FL,True
CUS00052,Casey,Hernandez,customer52@example.com,gold,2023-01-08,IL,True
CUS00053,Riley,Lopez,customer53@example.com,platinum,2018-08-23,WA,True
CUS00054,Avery,Gonzalez,customer54@example.com,platinum,2018-04-25,GA,True
CUS00055,Quinn,Wilson,customer55@example.com,platinum,2020-06-08,CO,True
CUS00056,Sam,Smith,customer56@example.com,platinum,2023-07-28,NY,True
CUS00057,Jamie,Johnson,customer57@example.com,platinum,2022-02-25,CA,True
CUS00058,Cameron,Williams,customer58@example.com,platinum,2018-08-07,TX,True
CUS00059,Drew,Brown,customer59@example.com,platinum,2023-01-16,FL,True
CUS00060,Blake,Jones,customer60@example.com,bronze,2023-01-30,IL,True
CUS00061,Reese,Garcia,customer61@example.com,silver,2022-10-28,WA,True
CUS00062,Harper,Miller,customer62@example.com,gold,2023-06-09,GA,True
CUS00063,Rowan,Davis,customer63@example.com,platinum,2019-06-12,CO,True
CUS00064,Alex,Rodriguez,customer64@example.com,platinum,2023-11-26,NY,True
CUS00065,Jordan,Martinez,customer65@example.com,platinum,2019-12-07,CA,True
CUS00066,Taylor,Hernandez,customer66@example.com,platinum,2022-10-31,TX,True
CUS00067,Morgan,Lopez,customer67@example.com,platinum,2021-06-28,FL,True
CUS00068,Casey,Gonzalez,customer68@example.com,platinum,2022-09-11,IL,True
CUS00069,Riley,Wilson,customer69@example.com,platinum,2021-10-13,WA,False
CUS00070,Avery,Smith,customer70@example.com,bronze,2021-11-14,GA,True
CUS00071,Quinn,Johnson,customer71@example.com,silver,2021-09-17,CO,True
CUS00072,Sam,Williams,customer72@example.com,gold,2022-09-10,NY,True
CUS00073,Jamie,Brown,customer73@example.com,platinum,2022-06-14,CA,True
CUS00074,Cameron,Jones,customer74@example.com,platinum,2018-10-24,TX,True
CUS00075,Drew,Garcia,customer75@example.com,platinum,2022-12-23,FL,True
CUS00076,Blake,Miller,customer76@example.com,platinum,2021-03-25,IL,True
CUS00077,Reese,Davis,customer77@example.com,platinum,2019-12-12,WA,True
CUS00078,Harper,Rodriguez,customer78@example.com,platinum,2021-02-05,GA,True
CUS00079,Rowan,Martinez,customer79@example.com,platinum,2023-10-29,CO,True
CUS00080,Alex,Hernandez,customer80@example.com,bronze,2023-03-02,NY,True
CUS00081,Jordan,Lopez,customer81@example.com,silver,2023-01-09,CA,True
CUS00082,Taylor,Gonzalez,customer82@example.com,gold,2020-10-15,TX,True
CUS00083,Morgan,Wilson,customer83@example.com,platinum,2022-09-22,FL,True
CUS00084,Casey,Smith,customer84@example.com,platinum,2020-04-27,IL,True
CUS00085,Riley,Johnson,customer85@example.com,platinum,2022-02-18,WA,True
CUS00086,Avery,Williams,customer86@example.com,platinum,2021-11-08,GA,True
CUS00087,Quinn,Brown,customer87@example.com,platinum,2019-07-04,CO,True
CUS00088,Sam,Jones,customer88@example.com,platinum,2019-08-10,NY,True
CUS00089,Jamie,Garcia,customer89@example.com,platinum,2018-05-15,CA,True
CUS00090,Cameron,Miller,customer90@example.com,bronze,2018-11-04,TX,True
CUS00091,Drew,Davis,customer91@example.com,silver,2020-08-11,FL,True
CUS00092,Blake,Rodriguez,customer92@example.com,gold,2020-11-17,IL,False
CUS00093,Reese,Martinez,customer93@example.com,platinum,2018-12-30,WA,True
CUS00094,Harper,Hernandez,customer94@example.com,platinum,2020-07-06,GA,True
CUS00095,Rowan,Lopez,customer95@example.com,platinum,2021-08-22,CO,True
CUS00096,Alex,Gonzalez,customer96@example.com,platinum,2019-05-27,NY,True
CUS00097,Jordan,Wilson,customer97@example.com,platinum,2020-01-15,CA,True
CUS00098,Taylor,Smith,customer98@example.com,platinum,2020-03-19,TX,True
CUS00099,Morgan,Johnson,customer99@example.com,platinum,2021-01-16,FL,True
CUS00100,Casey,Williams,customer100@example.com,bronze,2020-03-17,IL,True
CUS00101,Riley,Brown,customer101@example.com,silver,2022-06-10,WA,True
CUS00102,Avery,Jones,customer102@example.com,gold,2019-12-22,GA,True
CUS00103,Quinn,Garcia,customer103@example.com,platinum,2020-08-12,CO,True
CUS00104,Sam,Miller,customer104@example.com,platinum,2020-04-14,NY,True
CUS00105,Jamie,Davis,customer105@example.com,platinum,2019-02-07,CA,True
CUS00106,Cameron,Rodriguez,customer106@example.com,platinum,2022-02-17,TX,True
CUS00107,Drew,Martinez,customer107@example.com,platinum,2019-06-02,FL,True
CUS00108,Blake,Hernandez,customer108@example.com,platinum,2019-10-16,IL,True
CUS00109,Reese,Lopez,customer109@example.com,platinum,2022-10-11,WA,True
CUS00110,Harper,Gonzalez,customer110@example.com,bronze,2023-09-19,GA,True
CUS00111,Rowan,Wilson,customer111@example.com,silver,2022-01-15,CO,True
CUS00112,Alex,Smith,customer112@example.com,gold,2023-07-09,NY,True
CUS00113,Jordan,Johnson,customer113@example.com,platinum,2023-02-23,CA,True
CUS00114,Taylor,Williams,customer114@example.com,platinum,2020-11-24,TX,True
CUS00115,Morgan,Brown,customer115@example.com,platinum,2022-08-22,FL,False
CUS00116,Casey,Jones,customer116@example.com,platinum,2019-12-24,IL,True
CUS00117,Riley,Garcia,customer117@example.com,platinum,2020-10-10,WA,True
CUS00118,Avery,Miller,customer118@example.com,platinum,2021-03-23,GA,True
CUS00119,Quinn,Davis,customer119@example.com,platinum,2023-10-15,CO,True
CUS00120,Sam,Rodriguez,customer120@example.com,bronze,2023-02-10,NY,True
CUS00121,Jamie,Martinez,customer121@example.com,silver,2020-12-12,CA,True
CUS00122,Cameron,Hernandez,customer122@example.com,gold,2021-12-06,TX,True
CUS00123,Drew,Lopez,customer123@example.com,platinum,2019-03-22,FL,True
CUS00124,Blake,Gonzalez,customer124@example.com,platinum,2022-11-05,IL,True
CUS00125,Reese,Wilson,customer125@example.com,platinum,2021-05-01,WA,True
CUS00126,Harper,Smith,customer126@example.com,platinum,2021-03-17,GA,True
CUS00127,Rowan,Johnson,customer127@example.com,platinum,2022-08-13,CO,True
CUS00128,Alex,Williams,customer128@example.com,platinum,2021-10-24,NY,True
CUS00129,Jordan,Brown,customer129@example.com,platinum,2018-06-09,CA,True
CUS00130,Taylor,Jones,customer130@example.com,bronze,2019-09-26,TX,True
CUS00131,Morgan,Garcia,customer131@example.com,silver,2019-01-24,FL,True
CUS00132,Casey,Miller,customer132@example.com,gold,2022-06-05,IL,True
CUS00133,Riley,Davis,customer133@example.com,platinum,2018-03-19,WA,True
CUS00134,Avery,Rodriguez,customer134@example.com,platinum,2019-03-22,GA,True
CUS00135,Quinn,Martinez,customer135@example.com,platinum,2021-08-07,CO,True
CUS00136,Sam,Hernandez,customer136@example.com,platinum,2022-03-09,NY,True
CUS00137,Jamie,Lopez,customer137@example.com,platinum,2021-01-12,CA,True
CUS00138,Cameron,Gonzalez,customer138@example.com,platinum,2023-03-09,TX,False
CUS00139,Drew,Wilson,customer139@example.com,platinum,2023-07-15,FL,True
CUS00140,Blake,Smith,customer140@example.com,bronze,2018-10-18,IL,True
CUS00141,Reese,Johnson,customer141@example.com,silver,2023-09-27,WA,True
CUS00142,Harper,Williams,customer142@example.com,gold,2021-09-13,GA,True
CUS00143,Rowan,Brown,customer143@example.com,platinum,2021-10-31,CO,True
CUS00144,Alex,Jones,customer144@example.com,platinum,2018-07-29,NY,True
CUS00145,Jordan,Garcia,customer145@example.com,platinum,2021-09-30,CA,True
CUS00146,Taylor,Miller,customer146@example.com,platinum,2022-05-16,TX,True
CUS00147,Morgan,Davis,customer147@example.com,platinum,2021-07-01,FL,True
CUS00148,Casey,Rodriguez,customer148@example.com,platinum,2018-07-05,IL,True
CUS00149,Riley,Martinez,customer149@example.com,platinum,2021-02-25,WA,True
CUS00150,Avery,Hernandez,customer150@example.com,bronze,2023-08-22,GA,True
CUS00151,Quinn,Lopez,customer151@example.com,silver,2022-05-11,CO,True
CUS00152,Sam,Gonzalez,customer152@example.com,gold,2018-10-30,NY,True
CUS00153,Jamie,Wilson,customer153@example.com,platinum,2023-10-13,CA,True
CUS00154,Cameron,Smith,customer154@example.com,platinum,2023-10-11,TX,True
CUS00155,Drew,Johnson,customer155@example.com,platinum,2019-01-08,FL,True
CUS00156,Blake,Williams,customer156@example.com,platinum,2022-10-28,IL,True
CUS00157,Reese,Brown,customer157@example.com,platinum,2020-06-13,WA,True
CUS00158,Harper,Jones,customer158@example.com,platinum,2021-07-30,GA,True
CUS00159,Rowan,Garcia,customer159@example.com,platinum,2020-09-06,CO,True
CUS00160,Alex,Miller,customer160@example.com,bronze,2022-09-18,NY,True
CUS00161,Jordan,Davis,customer161@example.com,silver,2024-01-02,CA,False
CUS00162,Taylor,Rodriguez,customer162@example.com,gold,2022-10-16,TX,True
CUS00163,Morgan,Martinez,customer163@example.com,platinum,2023-08-12,FL,True
CUS00164,Casey,Hernandez,customer164@example.com,platinum,2023-09-13,IL,True
CUS00165,Riley,Lopez,customer165@example.com,platinum,2018-07-18,WA,True
CUS00166,Avery,Gonzalez,customer166@example.com,platinum,2019-07-12,GA,True
CUS00167,Quinn,Wilson,customer167@example.com,platinum,2022-05-08,CO,True
CUS00168,Sam,Smith,customer168@example.com,platinum,2021-07-22,NY,True
CUS00169,Jamie,Johnson,customer169@example.com,platinum,2018-04-21,CA,True
CUS00170,Cameron,Williams,customer170@example.com,bronze,2018-07-29,TX,True
CUS00171,Drew,Brown,customer171@example.com,silver,2021-02-19,FL,True
CUS00172,Blake,Jones,customer172@example.com,gold,2021-09-17,IL,True
CUS00173,Reese,Garcia,customer173@example.com,platinum,2019-01-04,WA,True
CUS00174,Harper,Miller,customer174@example.com,platinum,2019-01-12,GA,True
CUS00175,Rowan,Davis,customer175@example.com,platinum,2018-10-12,CO,True
CUS00176,Alex,Rodriguez,customer176@example.com,platinum,2021-05-27,NY,True
CUS00177,Jordan,Martinez,customer177@example.com,platinum,2018-01-18,CA,True
CUS00178,Taylor,Hernandez,customer178@example.com,platinum,2021-06-13,TX,True
CUS00179,Morgan,Lopez,customer179@example.com,platinum,2020-11-13,FL,True
CUS00180,Casey,Gonzalez,customer180@example.com,bronze,2020-10-22,IL,True
CUS00181,Riley,Wilson,customer181@example.com,silver,2022-02-03,WA,True
CUS00182,Avery,Smith,customer182@example.com,gold,2021-02-23,GA,True
CUS00183,Quinn,Johnson,customer183@example.com,platinum,2022-05-21,CO,True
CUS00184,Sam,Williams,customer184@example.com,platinum,2022-08-08,NY,False
CUS00185,Jamie,Brown,customer185@example.com,platinum,2023-07-18,CA,True
CUS00186,Cameron,Jones,customer186@example.com,platinum,2022-10-25,TX,True
CUS00187,Drew,Garcia,customer187@example.com,platinum,2021-02-12,FL,True
CUS00188,Blake,Miller,customer188@example.com,platinum,2020-12-18,IL,True
CUS00189,Reese,Davis,customer189@example.com,platinum,2019-06-03,WA,True
CUS00190,Harper,Rodriguez,customer190@example.com,bronze,2021-08-12,GA,True
CUS00191,Rowan,Martinez,customer191@example.com,silver,2018-11-03,CO,True
CUS00192,Alex,Hernandez,customer192@example.com,gold,2023-08-11,NY,True
CUS00193,Jordan,Lopez,customer193@example.com,platinum,2023-02-03,CA,True
CUS00194,Taylor,Gonzalez,customer194@example.com,platinum,2018-09-21,TX,True
CUS00195,Morgan,Wilson,customer195@example.com,platinum,2022-09-26,FL,True
CUS00196,Casey,Smith,customer196@example.com,platinum,2018-09-15,IL,True
CUS00197,Riley,Johnson,customer197@example.com,platinum,2022-05-06,WA,True
CUS00198,Avery,Williams,customer198@example.com,platinum,2018-07-12,GA,True
CUS00199,Quinn,Brown,customer199@example.com,platinum,2020-12-10,CO,True
CUS00200,Sam,Jones,customer200@example.com,bronze,2021-12-18,NY,True
CUS00201,Jamie,Garcia,customer201@example.com,silver,2022-05-23,CA,True
CUS00202,Cameron,Miller,customer202@example.com,gold,2020-07-09,TX,True
CUS00203,Drew,Davis,customer203@example.com,platinum,2023-07-21,FL,True
CUS00204,Blake,Rodriguez,customer204@example.com,platinum,2022-08-31,IL,True
CUS00205,Reese,Martinez,customer205@example.com,platinum,2019-04-04,WA,True
CUS00206,Harper,Hernandez,customer206@example.com,platinum,2022-01-16,GA,True
CUS00207,Rowan,Lopez,customer207@example.com,platinum,2022-05-27,CO,False
CUS00208,Alex,Gonzalez,customer208@example.com,platinum,2020-01-05,NY,True
CUS00209,Jordan,Wilson,customer209@example.com,platinum,2022-06-13,CA,True
CUS00210,Taylor,Smith,customer210@example.com,bronze,2023-05-31,TX,True
CUS00211,Morgan,Johnson,customer211@example.com,silver,2022-12-03,FL,True
CUS00212,Casey,Williams,customer212@example.com,gold,2022-08-05,IL,True
CUS00213,Riley,Brown,customer213@example.com,platinum,2021-10-27,WA,True
CUS00214,Avery,Jones,customer214@example.com,platinum,2019-08-19,GA,True
CUS00215,Quinn,Garcia,customer215@example.com,platinum,2022-10-16,CO,True
CUS00216,Sam,Miller,customer216@example.com,platinum,2020-03-12,NY,True
CUS00217,Jamie,Davis,customer217@example.com,platinum,2021-03-16,CA,True
CUS00218,Cameron,Rodriguez,customer218@example.com,platinum,2019-11-23,TX,True
CUS00219,Drew,Martinez,customer219@example.com,platinum,2019-11-20,FL,True
CUS00220,Blake,Hernandez,customer220@example.com,bronze,2018-12-13,IL,True
CUS00221,Reese,Lopez,customer221@example.com,silver,2023-10-16,WA,True
CUS00222,Harper,Gonzalez,customer222@example.com,gold,2018-11-22,GA,True
CUS00223,Rowan,Wilson,customer223@example.com,platinum,2018-07-09,CO,True
CUS00224,Alex,Smith,customer224@example.com,platinum,2023-08-22,NY,True
CUS00225,Jordan,Johnson,customer225@example.com,platinum,2021-05-06,CA,True
CUS00226,Taylor,Williams,customer226@example.com,platinum,2020-08-21,TX,True
CUS00227,Morgan,Brown,customer227@example.com,platinum,2022-06-11,FL,True
CUS00228,Casey,Jones,customer228@example.com,platinum,2020-04-23,IL,True
CUS00229,Riley,Garcia,customer229@example.com,platinum,2018-10-09,WA,True
CUS00230,Avery,Miller,customer230@example.com,bronze,2022-05-25,GA,False
CUS00231,Quinn,Davis,customer231@example.com,silver,2019-01-23,CO,True
CUS00232,Sam,Rodriguez,customer232@example.com,gold,2021-05-01,NY,True
CUS00233,Jamie,Martinez,customer233@example.com,platinum,2023-09-19,CA,True
CUS00234,Cameron,Hernandez,customer234@example.com,platinum,2023-08-22,TX,True
CUS00235,Drew,Lopez,customer235@example.com,platinum,2020-03-04,FL,True
CUS00236,Blake,Gonzalez,customer236@example.com,platinum,2022-09-13,IL,True
CUS00237,Reese,Wilson,customer237@example.com,platinum,2021-09-09,WA,True
CUS00238,Harper,Smith,customer238@example.com,platinum,2020-11-20,GA,True
CUS00239,Rowan,Johnson,customer239@example.com,platinum,2018-11-04,CO,True
CUS00240,Alex,Williams,customer240@example.com,bronze,2020-04-07,NY,True
CUS00241,Jordan,Brown,customer241@example.com,silver,2021-12-05,CA,True
CUS00242,Taylor,Jones,customer242@example.com,gold,2023-12-11,TX,True
CUS00243,Morgan,Garcia,customer243@example.com,platinum,2018-01-11,FL,True
CUS00244,Casey,Miller,customer244@example.com,platinum,2022-04-29,IL,True
CUS00245,Riley,Davis,customer245@example.com,platinum,2023-02-05,WA,True
CUS00246,Avery,Rodriguez,customer246@example.com,platinum,2023-09-24,GA,True
CUS00247,Quinn,Martinez,customer247@example.com,platinum,2020-07-21,CO,True
CUS00248,Sam,Hernandez,customer248@example.com,platinum,2018-09-18,NY,True
CUS00249,Jamie,Lopez,customer249@example.com,platinum,2019-08-20,CA,True
CUS00250,Cameron,Gonzalez,customer250@example.com,bronze,2023-02-15,TX,True
CUS00251,Drew,Wilson,customer251@example.com,silver,2023-04-16,FL,True
CUS00252,Blake,Smith,customer252@example.com,gold,2021-11-02,IL,True
CUS00253,Reese,Johnson,customer253@example.com,platinum,2018-09-28,WA,False
CUS00254,Harper,Williams,customer254@example.com,platinum,2018-09-26,GA,True
CUS00255,Rowan,Brown,customer255@example.com,platinum,2020-11-17,CO,True
CUS00256,Alex,Jones,customer256@example.com,platinum,2021-07-18,NY,True
CUS00257,Jordan,Garcia,customer257@example.com,platinum,2018-03-13,CA,True
CUS00258,Taylor,Miller,customer258@example.com,platinum,2022-02-18,TX,True
CUS00259,Morgan,Davis,customer259@example.com,platinum,2021-04-12,FL,True
CUS00260,Casey,Rodriguez,customer260@example.com,bronze,2018-01-28,IL,True
CUS00261,Riley,Martinez,customer261@example.com,silver,2018-07-30,WA,True
CUS00262,Avery,Hernandez,customer262@example.com,gold,2020-09-26,GA,True
CUS00263,Quinn,Lopez,customer263@example.com,platinum,2022-05-09,CO,True
CUS00264,Sam,Gonzalez,customer264@example.com,platinum,2022-12-21,NY,True
CUS00265,Jamie,Wilson,customer265@example.com,platinum,2020-08-06,CA,True
CUS00266,Cameron,Smith,customer266@example.com,platinum,2019-10-12,TX,True
CUS00267,Drew,Johnson,customer267@example.com,platinum,2023-11-01,FL,True
CUS00268,Blake,Williams,customer268@example.com,platinum,2020-10-05,IL,True
CUS00269,Reese,Brown,customer269@example.com,platinum,2019-11-25,WA,True
CUS00270,Harper,Jones,customer270@example.com,bronze,2020-08-31,GA,True
CUS00271,Rowan,Garcia,customer271@example.com,silver,2018-01-27,CO,True
CUS00272,Alex,Miller,customer272@example.com,gold,2019-10-27,NY,True
CUS00273,Jordan,Davis,customer273@example.com,platinum,2021-02-08,CA,True
CUS00274,Taylor,Rodriguez,customer274@example.com,platinum,2023-07-14,TX,True
CUS00275,Morgan,Martinez,customer275@example.com,platinum,2022-06-13,FL,True
CUS00276,Casey,Hernandez,customer276@example.com,platinum,2022-09-15,IL,False
CUS00277,Riley,Lopez,customer277@example.com,platinum,2021-04-13,WA,True
CUS00278,Avery,Gonzalez,customer278@example.com,platinum,2018-09-01,GA,True
CUS00279,Quinn,Wilson,customer279@example.com,platinum,2020-05-10,CO,True
CUS00280,Sam,Smith,customer280@example.com,bronze,2024-01-03,NY,True
CUS00281,Jamie,Johnson,customer281@example.com,silver,2018-04-08,CA,True
CUS00282,Cameron,Williams,customer282@example.com,gold,2023-04-19,TX,True
CUS00283,Drew,Brown,customer283@example.com,platinum,2022-02-14,FL,True
CUS00284,Blake,Jones,customer284@example.com,platinum,2019-09-17,IL,True
CUS00285,Reese,Garcia,customer285@example.com,platinum,2022-09-08,WA,True
CUS00286,Harper,Miller,customer286@example.com,platinum,2023-01-16,GA,True
CUS00287,Rowan,Davis,customer287@example.com,platinum,2018-04-06,CO,True
CUS00288,Alex,Rodriguez,customer288@example.com,platinum,2018-08-23,NY,True
CUS00289,Jordan,Martinez,customer289@example.com,platinum,2022-01-04,CA,True
CUS00290,Taylor,Hernandez,customer290@example.com,bronze,2024-01-08,TX,True
CUS00291,Morgan,Lopez,customer291@example.com,silver,2018-02-22,FL,True
CUS00292,Casey,Gonzalez,customer292@example.com,gold,2022-01-04,IL,True
CUS00293,Riley,Wilson,customer293@example.com,platinum,2018-10-28,WA,True
CUS00294,Avery,Smith,customer294@example.com,platinum,2021-12-01,GA,True
CUS00295,Quinn,Johnson,customer295@example.com,platinum,2021-10-03,CO,True
CUS00296,Sam,Williams,customer296@example.com,platinum,2018-07-18,NY,True
CUS00297,Jamie,Brown,customer297@example.com,platinum,2022-02-06,CA,True
CUS00298,Cameron,Jones,customer298@example.com,platinum,2023-05-28,TX,True
CUS00299,Drew,Garcia,customer299@example.com,platinum,2023-03-15,FL,False
CUS00300,Blake,Miller,customer300@example.com,bronze,2018-03-05,IL,True
CUS00301,Reese,Davis,customer301@example.com,silver,2019-06-26,WA,True
CUS00302,Harper,Rodriguez,customer302@example.com,gold,2019-06-14,GA,True
CUS00303,Rowan,Martinez,customer303@example.com,platinum,2020-09-24,CO,True
CUS00304,Alex,Hernandez,customer304@example.com,platinum,2018-11-11,NY,True
CUS00305,Jordan,Lopez,customer305@example.com,platinum,2023-02-23,CA,True
CUS00306,Taylor,Gonzalez,customer306@example.com,platinum,2022-09-05,TX,True
CUS00307,Morgan,Wilson,customer307@example.com,platinum,2022-11-14,FL,True
CUS00308,Casey,Smith,customer308@example.com,platinum,2019-03-13,IL,True
CUS00309,Riley,Johnson,customer309@example.com,platinum,2018-02-02,WA,True
CUS00310,Avery,Williams,customer310@example.com,bronze,2023-06-27,GA,True
CUS00311,Quinn,Brown,customer311@example.com,silver,2019-09-28,CO,True
CUS00312,Sam,Jones,customer312@example.com,gold,2021-12-14,NY,True
CUS00313,Jamie,Garcia,customer313@example.com,platinum,2023-06-24,CA,True
CUS00314,Cameron,Miller,customer314@example.com,platinum,2018-03-21,TX,True
CUS00315,Drew,Davis,customer315@example.com,platinum,2018-01-13,FL,True
CUS00316,Blake,Rodriguez,customer316@example.com,platinum,2018-01-12,IL,True
CUS00317,Reese,Martinez,customer317@example.com,platinum,2018-12-10,WA,True
CUS00318,Harper,Hernandez,customer318@example.com,platinum,2018-04-24,GA,True
CUS00319,Rowan,Lopez,customer319@example.com,platinum,2022-12-09,CO,True
CUS00320,Alex,Gonzalez,customer320@example.com,bronze,2021-08-26,NY,True
CUS00321,Jordan,Wilson,customer321@example.com,silver,2023-11-27,CA,True
CUS00322,Taylor,Smith,customer322@example.com,gold,2022-10-30,TX,False
CUS00323,Morgan,Johnson,customer323@example.com,platinum,2023-10-21,FL,True
CUS00324,Casey,Williams,customer324@example.com,platinum,2019-06-09,IL,True
CUS00325,Riley,Brown,customer325@example.com,platinum,2019-09-26,WA,True
CUS00326,Avery,Jones,customer326@example.com,platinum,2023-02-12,GA,True
CUS00327,Quinn,Garcia,customer327@example.com,platinum,2019-06-23,CO,True
CUS00328,Sam,Miller,customer328@example.com,platinum,2018-05-06,NY,True
CUS00329,Jamie,Davis,customer329@example.com,platinum,2022-01-12,CA,True
CUS00330,Cameron,Rodriguez,customer330@example.com,bronze,2022-10-29,TX,True
CUS00331,Drew,Martinez,customer331@example.com,silver,2023-11-01,FL,True
CUS00332,Blake,Hernandez,customer332@example.com,gold,2023-08-04,IL,True
CUS00333,Reese,Lopez,customer333@example.com,platinum,2018-09-22,WA,True
CUS00334,Harper,Gonzalez,customer334@example.com,platinum,2022-08-26,GA,True
CUS00335,Rowan,Wilson,customer335@example.com,platinum,2023-02-05,CO,True
CUS00336,Alex,Smith,customer336@example.com,platinum,2022-03-16,NY,True
CUS00337,Jordan,Johnson,customer337@example.com,platinum,2022-12-09,CA,True
CUS00338,Taylor,Williams,customer338@example.com,platinum,2023-01-18,TX,True
CUS00339,Morgan,Brown,customer339@example.com,platinum,2020-09-09,FL,True
CUS00340,Casey,Jones,customer340@example.com,bronze,2018-03-30,IL,True
CUS00341,Riley,Garcia,customer341@example.com,silver,2020-09-30,WA,True
CUS00342,Avery,Miller,customer342@example.com,gold,2019-03-20,GA,True
CUS00343,Quinn,Davis,customer343@example.com,platinum,2018-09-08,CO,True
CUS00344,Sam,Rodriguez,customer344@example.com,platinum,2018-10-02,NY,True
CUS00345,Jamie,Martinez,customer345@example.com,platinum,2022-03-15,CA,False
CUS00346,Cameron,Hernandez,customer346@example.com,platinum,2021-01-14,TX,True
CUS00347,Drew,Lopez,customer347@example.com,platinum,2021-04-02,FL,True
CUS00348,Blake,Gonzalez,customer348@example.com,platinum,2022-06-28,IL,True
CUS00349,Reese,Wilson,customer349@example.com,platinum,2021-04-21,WA,True
CUS00350,Harper,Smith,customer350@example.com,bronze,2021-10-18,GA,True
CUS00351,Rowan,Johnson,customer351@example.com,silver,2018-07-09,CO,True
CUS00352,Alex,Williams,customer352@example.com,gold,2023-02-16,NY,True
CUS00353,Jordan,Brown,customer353@example.com,platinum,2020-09-14,CA,True
CUS00354,Taylor,Jones,customer354@example.com,platinum,2018-12-08,TX,True
CUS00355,Morgan,Garcia,customer355@example.com,platinum,2022-11-25,FL,True
CUS00356,Casey,Miller,customer356@example.com,platinum,2022-06-05,IL,True
CUS00357,Riley,Davis,customer357@example.com,platinum,2018-04-27,WA,True
CUS00358,Avery,Rodriguez,customer358@example.com,platinum,2019-03-01,GA,True
CUS00359,Quinn,Martinez,customer359@example.com,platinum,2018-02-04,CO,True
CUS00360,Sam,Hernandez,customer360@example.com,bronze,2019-08-19,NY,True
CUS00361,Jamie,Lopez,customer361@example.com,silver,2018-08-08,CA,True
CUS00362,Cameron,Gonzalez,customer362@example.com,gold,2022-04-11,TX,True
CUS00363,Drew,Wilson,customer363@example.com,platinum,2021-02-23,FL,True
CUS00364,Blake,Smith,customer364@example.com,platinum,2023-11-27,IL,True
CUS00365,Reese,Johnson,customer365@example.com,platinum,2022-07-07,WA,True
CUS00366,Harper,Williams,customer366@example.com,platinum,2021-09-07,GA,True
CUS00367,Rowan,Brown,customer367@example.com,platinum,2021-01-25,CO,True
CUS00368,Alex,Jones,customer368@example.com,platinum,2018-04-30,NY,False
CUS00369,Jordan,Garcia,customer369@example.com,platinum,2018-06-04,CA,True
CUS00370,Taylor,Miller,customer370@example.com,bronze,2021-09-17,TX,True
CUS00371,Morgan,Davis,customer371@example.com,silver,2018-01-10,FL,True
CUS00372,Casey,Rodriguez,customer372@example.com,gold,2018-04-04,IL,True
CUS00373,Riley,Martinez,customer373@example.com,platinum,2019-04-28,WA,True
CUS00374,Avery,Hernandez,customer374@example.com,platinum,2023-04-30,GA,True
CUS00375,Quinn,Lopez,customer375@example.com,platinum,2020-10-06,CO,True
CUS00376,Sam,Gonzalez,customer376@example.com,platinum,2022-04-11,NY,True
CUS00377,Jamie,Wilson,customer377@example.com,platinum,2020-06-24,CA,True
CUS00378,Cameron,Smith,customer378@example.com,platinum,2019-01-16,TX,True
CUS00379,Drew,Johnson,customer379@example.com,platinum,2020-03-27,FL,True
CUS00380,Blake,Williams,customer380@example.com,bronze,2018-07-21,IL,True
CUS00381,Reese,Brown,customer381@example.com,silver,2022-08-22,WA,True
CUS00382,Harper,Jones,customer382@example.com,gold,2019-02-08,GA,True
CUS00383,Rowan,Garcia,customer383@example.com,platinum,2020-04-08,CO,True
CUS00384,Alex,Miller,customer384@example.com,platinum,2023-11-27,NY,True
CUS00385,Jordan,Davis,customer385@example.com,platinum,2021-07-26,CA,True
CUS00386,Taylor,Rodriguez,customer386@example.com,platinum,2020-10-05,TX,True
CUS00387,Morgan,Martinez,customer387@example.com,platinum,2021-04-09,FL,True
CUS00388,Casey,Hernandez,customer388@example.com,platinum,2022-09-21,IL,True
CUS00389,Riley,Lopez,customer389@example.com,platinum,2019-07-14,WA,True
CUS00390,Avery,Gonzalez,customer390@example.com,bronze,2021-11-01,GA,True
CUS00391,Quinn,Wilson,customer391@example.com,silver,2023-04-04,CO,False
CUS00392,Sam,Smith,customer392@example.com,gold,2021-06-13,NY,True
CUS00393,Jamie,Johnson,customer393@example.com,platinum,2020-09-09,CA,True
CUS00394,Cameron,Williams,customer394@example.com,platinum,2018-11-16,TX,True
CUS00395,Drew,Brown,customer395@example.com,platinum,2019-07-01,FL,True
CUS00396,Blake,Jones,customer396@example.com,platinum,2023-09-13,IL,True
CUS00397,Reese,Garcia,customer397@example.com,platinum,2021-04-05,WA,True
CUS00398,Harper,Miller,customer398@example.com,platinum,2019-10-25,GA,True
CUS00399,Rowan,Davis,customer399@example.com,platinum,2020-07-09,CO,True
CUS00400,Alex,Rodriguez,customer400@example.com,bronze,2021-06-25,NY,True
CUS00401,Jordan,Martinez,customer401@example.com,silver,2021-03-28,CA,True
CUS00402,Taylor,Hernandez,customer402@example.com,gold,2022-03-20,TX,True
CUS00403,Morgan,Lopez,customer403@example.com,platinum,2019-07-21,FL,True
CUS00404,Casey,Gonzalez,customer404@example.com,platinum,2021-11-29,IL,True
CUS00405,Riley,Wilson,customer405@example.com,platinum,2020-08-31,WA,True
CUS00406,Avery,Smith,customer406@example.com,platinum,2023-09-01,GA,True
CUS00407,Quinn,Johnson,customer407@example.com,platinum,2018-12-14,CO,True
CUS00408,Sam,Williams,customer408@example.com,platinum,2018-11-23,NY,True
CUS00409,Jamie,Brown,customer409@example.com,platinum,2020-10-12,CA,True
CUS00410,Cameron,Jones,customer410@example.com,bronze,2021-01-23,TX,True
CUS00411,Drew,Garcia,customer411@example.com,silver,2022-02-28,FL,True
CUS00412,Blake,Miller,customer412@example.com,gold,2020-06-07,IL,True
CUS00413,Reese,Davis,customer413@example.com,platinum,2023-07-04,WA,True
CUS00414,Harper,Rodriguez,customer414@example.com,platinum,2020-11-09,GA,False
CUS00415,Rowan,Martinez,customer415@example.com,platinum,2018-10-12,CO,True
CUS00416,Alex,Hernandez,customer416@example.com,platinum,2018-09-20,NY,True
CUS00417,Jordan,Lopez,customer417@example.com,platinum,2023-11-12,CA,True
CUS00418,Taylor,Gonzalez,customer418@example.com,platinum,2018-10-23,TX,True
CUS00419,Morgan,Wilson,customer419@example.com,platinum,2023-09-17,FL,True
CUS00420,Casey,Smith,customer420@example.com,bronze,2019-09-04,IL,True
CUS00421,Riley,Johnson,customer421@example.com,silver,2018-07-25,WA,True
CUS00422,Avery,Williams,customer422@example.com,gold,2019-11-02,GA,True
CUS00423,Quinn,Brown,customer423@example.com,platinum,2021-09-14,CO,True
CUS00424,Sam,Jones,customer424@example.com,platinum,2020-07-30,NY,True
CUS00425,Jamie,Garcia,customer425@example.com,platinum,2022-09-25,CA,True
CUS00426,Cameron,Miller,customer426@example.com,platinum,2021-09-06,TX,True
CUS00427,Drew,Davis,customer427@example.com,platinum,2020-05-31,FL,True
CUS00428,Blake,Rodriguez,customer428@example.com,platinum,2021-10-28,IL,True
CUS00429,Reese,Martinez,customer429@example.com,platinum,2023-11-08,WA,True
CUS00430,Harper,Hernandez,customer430@example.com,bronze,2020-06-24,GA,True
CUS00431,Rowan,Lopez,customer431@example.com,silver,2018-12-04,CO,True
CUS00432,Alex,Gonzalez,customer432@example.com,gold,2020-06-18,NY,True
CUS00433,Jordan,Wilson,customer433@example.com,platinum,2023-01-23,CA,True
CUS00434,Taylor,Smith,customer434@example.com,platinum,2019-04-24,TX,True
CUS00435,Morgan,Johnson,customer435@example.com,platinum,2023-09-20,FL,True
CUS00436,Casey,Williams,customer436@example.com,platinum,2021-07-18,IL,True
CUS00437,Riley,Brown,customer437@example.com,platinum,2021-08-16,WA,False
CUS00438,Avery,Jones,customer438@example.com,platinum,2019-11-29,GA,True
CUS00439,Quinn,Garcia,customer439@example.com,platinum,2023-07-19,CO,True
CUS00440,Sam,Miller,customer440@example.com,bronze,2018-03-21,NY,True
CUS00441,Jamie,Davis,customer441@example.com,silver,2019-10-20,CA,True
CUS00442,Cameron,Rodriguez,customer442@example.com,gold,2020-07-09,TX,True
CUS00443,Drew,Martinez,customer443@example.com,platinum,2020-11-16,FL,True
CUS00444,Blake,Hernandez,customer444@example.com,platinum,2020-11-09,IL,True
CUS00445,Reese,Lopez,customer445@example.com,platinum,2018-11-22,WA,True
CUS00446,Harper,Gonzalez,customer446@example.com,platinum,2019-05-12,GA,True
CUS00447,Rowan,Wilson,customer447@example.com,platinum,2018-07-29,CO,True
CUS00448,Alex,Smith,customer448@example.com,platinum,2021-06-13,NY,True
CUS00449,Jordan,Johnson,customer449@example.com,platinum,2020-02-11,CA,True
CUS00450,Taylor,Williams,customer450@example.com,bronze,2021-05-29,TX,True
CUS00451,Morgan,Brown,customer451@example.com,silver,2021-07-21,FL,True
CUS00452,Casey,Jones,customer452@example.com,gold,2022-03-25,IL,True
CUS00453,Riley,Garcia,customer453@example.com,platinum,2021-04-18,WA,True
CUS00454,Avery,Miller,customer454@example.com,platinum,2021-11-26,GA,True
CUS00455,Quinn,Davis,customer455@example.com,platinum,2021-07-15,CO,True
CUS00456,Sam,Rodriguez,customer456@example.com,platinum,2021-12-06,NY,True
CUS00457,Jamie,Martinez,customer457@example.com,platinum,2021-09-18,CA,True
CUS00458,Cameron,Hernandez,customer458@example.com,platinum,2019-11-27,TX,True
CUS00459,Drew,Lopez,customer459@example.com,platinum,2019-06-26,FL,True
CUS00460,Blake,Gonzalez,customer460@example.com,bronze,2022-09-29,IL,False
CUS00461,Reese,Wilson,customer461@example.com,silver,2020-01-24,WA,True
CUS00462,Harper,Smith,customer462@example.com,gold,2021-04-23,GA,True
CUS00463,Rowan,Johnson,customer463@example.com,platinum,2019-03-10,CO,True
CUS00464,Alex,Williams,customer464@example.com,platinum,2020-08-07,NY,True
CUS00465,Jordan,Brown,customer465@example.com,platinum,2021-03-11,CA,True
CUS00466,Taylor,Jones,customer466@example.com,platinum,2021-10-09,TX,True
CUS00467,Morgan,Garcia,customer467@example.com,platinum,2021-03-04,FL,True
CUS00468,Casey,Miller,customer468@example.com,platinum,2020-03-04,IL,True
CUS00469,Riley,Davis,customer469@example.com,platinum,2023-10-17,WA,True
CUS00470,Avery,Rodriguez,customer470@example.com,bronze,2021-02-02,GA,True
CUS00471,Quinn,Martinez,customer471@example.com,silver,2022-11-14,CO,True
CUS00472,Sam,Hernandez,customer472@example.com,gold,2022-06-09,NY,True
CUS00473,Jamie,Lopez,customer473@example.com,platinum,2021-05-13,CA,True
CUS00474,Cameron,Gonzalez,customer474@example.com,platinum,2023-05-05,TX,True
CUS00475,Drew,Wilson,customer475@example.com,platinum,2018-10-10,FL,True
CUS00476,Blake,Smith,customer476@example.com,platinum,2023-07-20,IL,True
CUS00477,Reese,Johnson,customer477@example.com,platinum,2023-02-14,WA,True
CUS00478,Harper,Williams,customer478@example.com,platinum,2021-01-12,GA,True
CUS00479,Rowan,Brown,customer479@example.com,platinum,2022-06-02,CO,True
CUS00480,Alex,Jones,customer480@example.com,bronze,2021-02-18,NY,True
CUS00481,Jordan,Garcia,customer481@example.com,silver,2019-08-15,CA,True
CUS00482,Taylor,Miller,customer482@example.com,gold,2022-10-26,TX,True
CUS00483,Morgan,Davis,customer483@example.com,platinum,2019-06-26,FL,False
CUS00484,Casey,Rodriguez,customer484@example.com,platinum,2019-11-23,IL,True
CUS00485,Riley,Martinez,customer485@example.com,platinum,2021-02-16,WA,True
CUS00486,Avery,Hernandez,customer486@example.com,platinum,2023-01-17,GA,True
CUS00487,Quinn,Lopez,customer487@example.com,platinum,2020-04-24,CO,True
CUS00488,Sam,Gonzalez,customer488@example.com,platinum,2020-12-23,NY,True
CUS00489,Jamie,Wilson,customer489@example.com,platinum,2018-04-02,CA,True
CUS00490,Cameron,Smith,customer490@example.com,bronze,2018-09-12,TX,True
CUS00491,Drew,Johnson,customer491@example.com,silver,2018-05-04,FL,True
CUS00492,Blake,Williams,customer492@example.com,gold,2018-06-08,IL,True
CUS00493,Reese,Brown,customer493@example.com,platinum,2023-03-26,WA,True
CUS00494,Harper,Jones,customer494@example.com,platinum,2023-01-27,GA,True
CUS00495,Rowan,Garcia,customer495@example.com,platinum,2022-12-14,CO,True
CUS00496,Alex,Miller,customer496@example.com,platinum,2018-05-03,NY,True
CUS00497,Jordan,Davis,customer497@example.com,platinum,2018-06-20,CA,True
CUS00498,Taylor,Rodriguez,customer498@example.com,platinum,2019-09-10,TX,True
CUS00499,Morgan,Martinez,customer499@example.com,platinum,2021-05-28,FL,True
CUS00500,Casey,Hernandez,customer500@example.com,bronze,2020-01-06,IL,True
